No,Nama Barang,Merk,Tipe,Seri Number,Tahun,Ruang Pemilik,Lokasi Fisik saat Ini,Kondisi,Status Kalibrasi,Tanggal Kalibrasi Terakhir,Keterangan
1,CSSD Steris,,,,,CSSD,CSSD,Baik,BELUM DIKALIBRASI,Belum ada data,
2,Bed Patient,Paramount,PA12-0807F,3KOL 502100AO,2007,Fisioterapi,Fisioterapi,Baik,SUDAH DIKALIBRASI,Belum ada data,
3,Elektrikal Simulator,Chattanoga,Intelect Advanced,1314,2007,Fisioterapi,Fisioterapi,Baik,SUDAH DIKALIBRASI,Belum ada data,
4,Infra red Terapy,Beurer,IL21,213323,2007,Fisioterapi,Fisioterapi,Baik,SUDAH DIKALIBRASI,Belum ada data,
5,Infra red Therapy,Beurer,IL21,213221,2007,Fisioterapi,Fisioterapi,Baik,SUDAH DIKALIBRASI,Belum ada data,
6,Infra Red Therapy,Beurer,IL21,213222,2007,Fisioterapi,Fisioterapi,Baik,SUDAH DIKALIBRASI,Belum ada data,
7,Infrared Standing 3 Lampu,Heuser,TGS 3.1 Onhe Dimmer,233.73.0907.432,2007,Fisioterapi,Fisioterapi,Baik,SUDAH DIKALIBRASI,Belum ada data,
8,Laser Therapy,Chattanoga,Intelec Model 2779,173,2007,Fisioterapi,Fisioterapi,Baik,SUDAH DIKALIBRASI,Belum ada data,
9,Micro Wave Diathermy,Fysiomed,Microwave 25P Tpe BF,10291,2012,Fisioterapi,Fisioterapi,Baik,SUDAH DIKALIBRASI,Belum ada data,
10,Paralel Bar,,,,,Fisioterapi,Fisioterapi,Baik,SUDAH DIKALIBRASI,Belum ada data,
11,Respionic,Philips Respironic,REF CA-3200,16202,,Fisioterapi,Fisioterapi,Baik,SUDAH DIKALIBRASI,Belum ada data,
12,Statis Bycle,,,,,Fisioterapi,Fisioterapi,Baik,SUDAH DIKALIBRASI,Belum ada data,
13,Tens Unit,EME,Therapic 9400,EM 08070918,2018,Fisioterapi,Fisioterapi,Baik,SUDAH DIKALIBRASI,Belum ada data,
14,TENS UNIT,CHATTANOGA,Intelect,T2740,2012,Fisioterapi,Fisioterapi,Baik,SUDAH DIKALIBRASI,Belum ada data,
15,Traksi Unit,,,,2007,Fisioterapi,Fisioterapi,Baik,SUDAH DIKALIBRASI,Belum ada data,
16,Troly Tindakan,Mak Instrument Trolley,35101,0755-11-06-1,,Fisioterapi,Fisioterapi,Baik,SUDAH DIKALIBRASI,Belum ada data,
17,Troly Tindakan,Mak Instrument Trolley,35101,0755-11-06-2,,Fisioterapi,Fisioterapi,Baik,SUDAH DIKALIBRASI,Belum ada data,
18,Ultra Sound Therapy,EME,,EM07340718,2018,Fisioterapi,Fisioterapi,Baik,SUDAH DIKALIBRASI,Belum ada data,
19,Ultra Sound Unit,Chattanoga,Intelect,,2007,Fisioterapi,Fisioterapi,Baik,SUDAH DIKALIBRASI,Belum ada data,
20,Hemodialisa,,,,,Hemodialisa,Hemodialisa,Baik,BELUM DIKALIBRASI,Belum ada data,
21,Hemodialisa,,,,,Hemodialisa,Hemodialisa,Baik,BELUM DIKALIBRASI,Belum ada data,
22,Hemodialisa,,,,,Hemodialisa,Hemodialisa,Baik,BELUM DIKALIBRASI,Belum ada data,
23,Hemodialisa,,,,,Hemodialisa,Hemodialisa,Baik,BELUM DIKALIBRASI,Belum ada data,
24,Hemodialisa,,,,,Hemodialisa,Hemodialisa,Baik,BELUM DIKALIBRASI,Belum ada data,
25,Hemodialisa,,,,,Hemodialisa,Hemodialisa,Baik,BELUM DIKALIBRASI,Belum ada data,
26,Hemodialisa,,,,,Hemodialisa,Hemodialisa,Baik,BELUM DIKALIBRASI,Belum ada data,
27,Hemodialisa,,,,,Hemodialisa,Hemodialisa,Baik,BELUM DIKALIBRASI,Belum ada data,
28,Hemodialisa,,,,,Hemodialisa,Hemodialisa,Baik,BELUM DIKALIBRASI,Belum ada data,
29,Hemodialisa,,,,,Hemodialisa,Hemodialisa,Baik,BELUM DIKALIBRASI,Belum ada data,
30,Hemodialisa,,,,,Hemodialisa,Hemodialisa,Baik,BELUM DIKALIBRASI,Belum ada data,
31,Timbangan,,,,,Hemodialisa,Hemodialisa,Baik,BELUM DIKALIBRASI,Belum ada data,
32,Timbangan,,,,,Hemodialisa,Hemodialisa,Baik,BELUM DIKALIBRASI,Belum ada data,
33,Alat pengukur gula darah,Gluco Dr.,AGM-4000,2021.01EC21AA04563,2021,ICU,ICU,Baik,BELUM DIKALIBRASI,Belum ada data,
34,Alat pengukur gula darah,Gluco Dr.,AGM-4001,2021.01EC21AA02289,2021,ICU,ICU,Baik,BELUM DIKALIBRASI,Belum ada data,
35,Bed Elektrik,Paramount,-,-,2008,ICU,ICU,Baik,BELUM DIKALIBRASI,Belum ada data,
36,Bed Elektrik,Paramount,-,-,2008,ICU,ICU,Baik,BELUM DIKALIBRASI,Belum ada data,
37,Bed Elektrik,Paramount,-,-,2008,ICU,ICU,Baik,BELUM DIKALIBRASI,Belum ada data,
38,Bed Elektrik,Paramount,-,-,2008,ICU,ICU,Baik,BELUM DIKALIBRASI,Belum ada data,
39,Defibrilation,Bexen,,20026170,2016,ICU,ICU,Baik,BELUM DIKALIBRASI,Belum ada data,
40,EKG,Innomed Heartscreen,-,20239288,,ICU,ICU,Rusak Berat,BELUM DIKALIBRASI,Belum ada data,
41,EKG,Innomed Heartscreen,,22239242,,ICU,ICU,Baik,BELUM DIKALIBRASI,Belum ada data,
42,Examination Lamp,Famed,,,,ICU,ICU,Baik,BELUM DIKALIBRASI,Belum ada data,
43,Film View,KArixa,-,-,,ICU,ICU,Baik,BELUM DIKALIBRASI,Belum ada data,
44,Gelas ukur urin,,,,,ICU,ICU,Baik,BELUM DIKALIBRASI,Belum ada data,
45,HFNC (High Flow Nasal Canul),Aervo2,-,-,,ICU,ICU,Baik,BELUM DIKALIBRASI,Belum ada data,
46,HFNC (High Flow Nasal Canul),Aervo2,-,-,,ICU,ICU,Rusak Berat,BELUM DIKALIBRASI,Belum ada data,
47,Infus Pump,Mindray,-,SK 10308902,2021,ICU,ICU,Baik,SUDAH DIKALIBRASI,Belum ada data,
48,Infus Pump,Mindray,,SK 10308929,2021,ICU,ICU,Baik,BELUM DIKALIBRASI,Belum ada data,
49,Infus Pump,Mindray,-,SK 10308913,2021,ICU,ICU,Baik,SUDAH DIKALIBRASI,Belum ada data,
50,Infus Pump,B-Braun,,8713070,,ICU,ICU,Rusak Berat,BELUM DIKALIBRASI,Belum ada data,
51,Laringoskop  set adult,Karl storz,,,,ICU,ICU,Baik,BELUM DIKALIBRASI,Belum ada data,
52,Laringoskop  set adult,Hofbauer,,,,ICU,ICU,Baik,BELUM DIKALIBRASI,Belum ada data,
53,Monitor Lengkap,Philips,-,DE 67IR3743,2020,ICU,ICU,Baik,SUDAH DIKALIBRASI,Belum ada data,
54,Monitor Lengkap,Philips,,DE 67IR3819,2020,ICU,ICU,Baik,BELUM DIKALIBRASI,Belum ada data,
55,Monitor Lengkap,Dixion,-,D5/09/2205/5193,2022,ICU,ICU,Baik,SUDAH DIKALIBRASI,Belum ada data,
56,Monitor Lengkap,Dixion,,05/092211/5318,2022,ICU,ICU,Baik,BELUM DIKALIBRASI,Belum ada data,HIBAH HD
57,O2 portable,Krober O2,,,,ICU,ICU,Baik,BELUM DIKALIBRASI,Belum ada data,
58,Oxymetri Portable,Oxy9wave,,,,ICU,Irna Perinatology,Baik,BELUM DIKALIBRASI,Belum ada data,
59,Oxymetri Portable,Oxy9wave,,,,ICU,Irna Perinatology,Baik,BELUM DIKALIBRASI,Belum ada data,
60,Regulator O2,Mak,-,-,,ICU,ICU,Baik,SUDAH DIKALIBRASI,Belum ada data,
61,Regulator O2,Mak,-,-,,ICU,ICU,Baik,SUDAH DIKALIBRASI,Belum ada data,
62,Regulator O2,Mak,-,-,,ICU,ICU,Baik,SUDAH DIKALIBRASI,Belum ada data,
63,Regulator oksigen central / Resmed,- RMS,-,-,,ICU,ICU,Baik,SUDAH DIKALIBRASI,Belum ada data,
64,Regulator oksigen ventilator,- RMS,,,,ICU,ICU,Baik,BELUM DIKALIBRASI,Belum ada data,
65,Stetoskop Anak,,,,2017,ICU,ICU,Baik,BELUM DIKALIBRASI,Belum ada data,
66,Stetoskop dewasa,GEA,-,-,2017,ICU,ICU,Baik,BELUM DIKALIBRASI,Belum ada data,
67,Stetoskop dewasa,-,-,-,2017,ICU,ICU,Baik,BELUM DIKALIBRASI,Belum ada data,
68,Stetoskop dewasa,-,-,-,2017,ICU,ICU,Baik,BELUM DIKALIBRASI,Belum ada data,
69,Suction pump,Industries Med LTD,AC 500,9056236,,ICU,ICU,Baik,BELUM DIKALIBRASI,Belum ada data,
70,Suction pump,Electric Suction Apparatus,SN703A-D,SANMO94-23-010,2023,ICU,ICU,Baik,BELUM DIKALIBRASI,Belum ada data,
71,Suction pump,Electric Suction Apparatus,SN703A-D,SANMO94-23-017,2023,ICU,ICU,Baik,BELUM DIKALIBRASI,Belum ada data,
72,Syringe pump,Mindray,-,SK 10307825,,ICU,ICU,Baik,BELUM DIKALIBRASI,Belum ada data,
73,Syringe pump,Mindray,-,SK10307823,,ICU,ICU,Rusak Berat,BELUM DIKALIBRASI,Belum ada data,
74,Syringe pump,Frenesius Kabi,,018094/23196959,,ICU,ICU,Baik,SUDAH DIKALIBRASI,Belum ada data,
75,Syringe pump,Frenesius Kabi,,018094/23227676,,ICU,ICU,Baik,BELUM DIKALIBRASI,Belum ada data,
76,Syringe pump,Frenesius Kabi,-,018094/23227675,,ICU,ICU,Baik,BELUM DIKALIBRASI,Belum ada data,
77,Syringe pump,Rchestra,,082594/21452196,,ICU,ICU,Baik,SUDAH DIKALIBRASI,Belum ada data,
78,Tensimeter Dewasa,Regal,ABN,,2020,ICU,ICU,Rusak Berat,BELUM DIKALIBRASI,Belum ada data,
79,Termometer Digital,HuBDIC,FS-300,-,,ICU,ICU,Baik,BELUM DIKALIBRASI,Belum ada data,
80,Termometer Digital,Omron,MC-246,-,,ICU,ICU,Baik,BELUM DIKALIBRASI,Belum ada data,
81,THT set,,,,,ICU,ICU,Baik,BELUM DIKALIBRASI,Belum ada data,
82,Timbangan pempers,,,,,ICU,ICU,Baik,BELUM DIKALIBRASI,Belum ada data,
83,USG,Mindray,-,MR-2B004895,,ICU,ICU,Baik,SUDAH DIKALIBRASI,Belum ada data,
84,UV Room sterilizer,Medivent,-,-,,ICU,ICU,Baik,BELUM DIKALIBRASI,Belum ada data,
85,Ventilator,Bellavista,-,MB230883,2020,ICU,ICU,Rusak Berat,BELUM DIKALIBRASI,Belum ada data,
86,Ventilator,Bellavista,,MB231220,2020,ICU,ICU,Rusak Berat,BELUM DIKALIBRASI,Belum ada data,
87,Ventilator,MonalT75,-,MT75-07648,2018,ICU,ICU,Rusak Berat,BELUM DIKALIBRASI,Belum ada data,
88,Ventilator,Hamilton C2,,160150,,ICU,ICU,Rusak Berat,BELUM DIKALIBRASI,Belum ada data,
89,Ventilator,Siaretron 4000,,,2024,ICU,ICU,Baik,BELUM DIKALIBRASI,Belum ada data,
90,Ventilator mobile,RESMED,-,-,2020,ICU,ICU,Baik,BELUM DIKALIBRASI,Belum ada data,
91,Ventilator mobile,RESMED,-,-,2020,ICU,ICU,Baik,BELUM DIKALIBRASI,Belum ada data,
92,Ambu Bag,Ambu,-,-,-,IGD,IGD,Baik,BELUM DIKALIBRASI,Belum ada data,
93,Ambu Bag,Ambu,-,-,-,IGD,IGD,Baik,BELUM DIKALIBRASI,Belum ada data,
94,Ambu Bag,Ambu,-,-,-,IGD,IGD,Baik,BELUM DIKALIBRASI,Belum ada data,
95,Ambu Bag,Greatcare,,,,IGD,IGD,Baik,BELUM DIKALIBRASI,Belum ada data,
96,Ambu Bag,Greatcare,,,,IGD,IGD,Baik,BELUM DIKALIBRASI,Belum ada data,
97,Ambu Bag,Greatcare,,,,IGD,IGD,Baik,BELUM DIKALIBRASI,Belum ada data,
98,Ambu Bag,Greatcare,,,,IGD,IGD,Baik,BELUM DIKALIBRASI,Belum ada data,
99,Ambu Bag,Greatcare,,,,IGD,IGD,Baik,BELUM DIKALIBRASI,Belum ada data,
100,Ambu Bag,Greatcare,,,,IGD,IGD,Baik,BELUM DIKALIBRASI,Belum ada data,
101,Bed dengan Bedrails,Paramount,-,-,-,IGD,IGD,Baik,BELUM DIKALIBRASI,Belum ada data,
102,Bed dengan Bedrails,Paramount,-,-,-,IGD,IGD,Baik,BELUM DIKALIBRASI,Belum ada data,
103,Bed dengan Bedrails,Paramount,-,-,-,IGD,IGD,Baik,BELUM DIKALIBRASI,Belum ada data,
104,Bed dengan Bedrails,Paramount,-,-,-,IGD,IGD,Baik,BELUM DIKALIBRASI,Belum ada data,
105,Bed Ginekologi Electric,Nutritex,NT 037-B,,2023,IGD,IGD,Baik,BELUM DIKALIBRASI,Belum ada data,
106,Bed Jiwa/ Bedah,-,-,-,-,IGD,IGD,Baik,BELUM DIKALIBRASI,Belum ada data,
107,Bed Jiwa/ Bedah,-,-,-,-,IGD,IGD,Baik,BELUM DIKALIBRASI,Belum ada data,
108,Bed Side Monitor,Innomed,- Inno Care T11,-,-,IGD,IGD,Baik,BELUM DIKALIBRASI,Belum ada data,
109,Bed Side Monitor,Innomed,- Inno Care T11,-,-,IGD,IGD,Rusak Berat,BELUM DIKALIBRASI,Belum ada data,
110,Bed Side Monitor,Innomed,- Inno Care T11,-,-,IGD,IGD,Rusak Berat,BELUM DIKALIBRASI,Belum ada data,
111,Bed Side Monitor,Innomed,- Inno Care T11,-,-,IGD,IGD,Rusak Berat,BELUM DIKALIBRASI,Belum ada data,
112,Bed Side Monitor,Innomed,- Inno Care T11,-,-,IGD,IGD,Rusak Berat,BELUM DIKALIBRASI,Belum ada data,
113,Bed Side Monitor,Innomed,- Inno Care T12,-,-,IGD,IGD,Baik,BELUM DIKALIBRASI,Belum ada data,
114,Bed Side Monitor,Innomed,- Inno Care T12,-,-,IGD,IGD,Baik,BELUM DIKALIBRASI,Belum ada data,
115,Bed Side Monitor,Innomed,- Inno Care T12,-,-,IGD,IGD,Baik,BELUM DIKALIBRASI,Belum ada data,
116,Bed Side Monitor,Innomed,- Inno Care T12,-,-,IGD,IGD,Baik,BELUM DIKALIBRASI,Belum ada data,
117,Bed Side Monitor,Innomed,- Inno Care T12,-,-,IGD,IGD,Baik,BELUM DIKALIBRASI,Belum ada data,
118,Bed Side Monitor,Dixion,-,,2023,IGD,IGD,Baik,SUDAH DIKALIBRASI,Belum ada data,
119,Bed Side Monitor,Dixion,-,,2023,IGD,IGD,Baik,SUDAH DIKALIBRASI,Belum ada data,
120,Bedside Cabinet,Paramount/ Tanpa merk,-,-,-,IGD,IGD,Baik,BELUM DIKALIBRASI,Belum ada data,
121,Bedside Cabinet,Paramount/ Tanpa merk,-,-,-,IGD,IGD,Baik,BELUM DIKALIBRASI,Belum ada data,
122,Brankar Ranjang Darurat,-,-,-,-,IGD,IGD,Baik,BELUM DIKALIBRASI,Belum ada data,
123,Brankar Ranjang Darurat,-,-,-,-,IGD,IGD,Baik,BELUM DIKALIBRASI,Belum ada data,
124,Defibrilator,Innomed,Cardiac Aid 200 B,-,2022,IGD,IGD,Rusak Berat,BELUM DIKALIBRASI,Belum ada data,
125,Defibrilator,,Cardiac Aid 360 B,,2021,IGD,IGD,Rusak Berat,BELUM DIKALIBRASI,Belum ada data,
126,Defibrilator,,Cardiac Aid 360 B,,2021,IGD,IGD,Rusak Berat,BELUM DIKALIBRASI,Belum ada data,
127,Doppler,IMN Terravizion,Fetak Doppler,-,2023,IGD,IGD,Baik,BELUM DIKALIBRASI,Belum ada data,
128,Doppler,,,,2025,IGD,IGD,Baik,BELUM DIKALIBRASI,Belum ada data,
129,Electric suction,SANI,SN 703A-D /,-,2023,IGD,IGD,Baik,BELUM DIKALIBRASI,Belum ada data,
130,Electric suction,SANI,SN 703A-D /,-,2023,IGD,IGD,Baik,BELUM DIKALIBRASI,Belum ada data,
131,Electric suction,Tidak ada merk,AC-500,,,IGD,IGD,Rusak Berat,BELUM DIKALIBRASI,Belum ada data,
132,EPA Filter Isolasi IGD,-,-,,-,IGD,IGD,Baik,BELUM DIKALIBRASI,Belum ada data,
133,High Flow Nasal Canula,Poly Medical,Aircov-19,21-0701,2024,IGD,IGD,Baik,BELUM DIKALIBRASI,Belum ada data,
134,Infant Radiant Warmer,SANI,COMP.T10-AS,810040007,2023,IGD,IGD,Baik,SUDAH DIKALIBRASI,Belum ada data,
135,Infus Pump,B-Braun,Perfusor Space,-,2013,IGD,IGD,Rusak Berat,BELUM DIKALIBRASI,Belum ada data,
136,Intubasi Set,,,,,IGD,IGD,Baik,BELUM DIKALIBRASI,Belum ada data,
137,Intybasi Set Dewasa,,,,,IGD,IGD,Baik,BELUM DIKALIBRASI,Belum ada data,
138,Lampu Tindakan,Famed,-,-,2023,IGD,IGD,Baik,BELUM DIKALIBRASI,Belum ada data,
139,Mesin EKG 12 Lead,- Mindray,- Beneheart R 12A,-,2021,IGD,IGD,Rusak Berat,BELUM DIKALIBRASI,Belum ada data,
140,Mesin EKG 12 Lead,- Mindray,- Beneheart R 12A,-,2021,IGD,IGD,Rusak Berat,BELUM DIKALIBRASI,Belum ada data,
141,Mesin EKG 12 Lead,- Mindray,- Beneheart R 12A,-,2021,IGD,Poli,Baik,BELUM DIKALIBRASI,Belum ada data,
142,Mesin EKG 12 Lead,- Mindray,- Beneheart R 12A,-,2021,IGD,Poli,Baik,BELUM DIKALIBRASI,Belum ada data,
143,Mesin EKG 12 Lead,- Innomed,- HeartScreen,-,2023,IGD,IGD,Baik,BELUM DIKALIBRASI,Belum ada data,
144,Nebulizer,Omron,-,-,-,IGD,IGD,Baik,BELUM DIKALIBRASI,Belum ada data,
145,Oksigen konsentrat,Krober,-,-,2021,IGD,IGD,Baik,BELUM DIKALIBRASI,Belum ada data,
146,Oksigen konsentrat,Krober,-,-,2021,IGD,IGD,Baik,BELUM DIKALIBRASI,Belum ada data,
147,Oksigen konsentrat,Krober,-,-,2021,IGD,IGD,Baik,BELUM DIKALIBRASI,Belum ada data,
148,Pispot stainles/ plastik,-,-,-,-,IGD,IGD,Baik,BELUM DIKALIBRASI,Belum ada data,
149,Pulse oximeter,- Bionet,Oxy 9 Wave,-,2023,IGD,IGD,Baik,SUDAH DIKALIBRASI,Belum ada data,
150,Pulse oximeter,- Bionet,Oxy 9 Wave,-,2023,IGD,IGD,Baik,SUDAH DIKALIBRASI,Belum ada data,
151,Pulse oximeter,- Bionet,Oxy 9 Wave,-,2023,IGD,IGD,Baik,SUDAH DIKALIBRASI,Belum ada data,
152,Pulse oximeter,- Mindray,PM-60,CR 19250581-1,2021,IGD,IGD,Rusak Berat,BELUM DIKALIBRASI,Belum ada data,
153,Pulse oximeter,- Mindray,PM-60,CR 19250581-2,2021,IGD,IGD,Rusak Berat,BELUM DIKALIBRASI,Belum ada data,
154,Regulator Oksigen,,-,-,2018/2021,IGD,IGD,Baik,BELUM DIKALIBRASI,Belum ada data,
155,Regulator Oksigen,,-,-,2018/2021,IGD,IGD,Baik,BELUM DIKALIBRASI,Belum ada data,
156,Regulator Oksigen,,-,-,2018/2022,IGD,IGD,Rusak Berat,BELUM DIKALIBRASI,Belum ada data,
157,Regulator Oksigen,,-,-,2018/2022,IGD,IGD,Rusak Berat,BELUM DIKALIBRASI,Belum ada data,
158,Regulator Oksigen,,-,-,2018/2022,IGD,IGD,Rusak Berat,BELUM DIKALIBRASI,Belum ada data,
159,Regulator Oksigen Central,RMS,-,-,-,IGD,IGD,Rusak Berat,BELUM DIKALIBRASI,Belum ada data,
160,Regulator Oksigen Central,RMS,-,-,-,IGD,IGD,Rusak Berat,BELUM DIKALIBRASI,Belum ada data,
161,Regulator Oksigen Central,RMS,-,-,-,IGD,IGD,Rusak Berat,BELUM DIKALIBRASI,Belum ada data,
162,Regulator Oksigen Central,RMS,-,-,-,IGD,IGD,Baik,BELUM DIKALIBRASI,Belum ada data,
163,Regulator Oksigen Central,RMS,-,-,-,IGD,IGD,Baik,BELUM DIKALIBRASI,Belum ada data,
164,Regulator Oksigen Central,RMS,-,-,-,IGD,IGD,Baik,BELUM DIKALIBRASI,Belum ada data,
165,Regulator Oksigen Central,RMS,-,-,-,IGD,IGD,Baik,BELUM DIKALIBRASI,Belum ada data,
166,Regulator Oksigen Central,RMS,-,-,-,IGD,IGD,Baik,BELUM DIKALIBRASI,Belum ada data,
167,Regulator Oksigen Central,RMS,-,-,-,IGD,IGD,Baik,BELUM DIKALIBRASI,Belum ada data,
168,Set ETT Anak,-,-,-,-,IGD,IGD,Rusak Berat,BELUM DIKALIBRASI,Belum ada data,
169,Set ETT Dewasa,-,-,-,-,IGD,IGD,Rusak Berat,BELUM DIKALIBRASI,Belum ada data,
170,Stetoskop dewasa,GEA/ Erka/ Fazinni / tidak ada merk,-,-,-,IGD,IGD,Baik,BELUM DIKALIBRASI,Belum ada data,
171,Stetoskop dewasa,GEA/ Erka/ Fazinni / tidak ada merk,-,-,-,IGD,IGD,Baik,BELUM DIKALIBRASI,Belum ada data,
172,Stetoskop dewasa,GEA/ Erka/ Fazinni / tidak ada merk,-,-,-,IGD,IGD,Rusak Berat,BELUM DIKALIBRASI,Belum ada data,
173,Stetoskop dewasa,GEA/ Erka/ Fazinni / tidak ada merk,-,-,-,IGD,IGD,Rusak Berat,BELUM DIKALIBRASI,Belum ada data,
174,Stetoskop dewasa,GEA/ Erka/ Fazinni / tidak ada merk,-,-,-,IGD,IGD,Rusak Berat,BELUM DIKALIBRASI,Belum ada data,
175,Stetoskop dewasa,GEA/ Erka/ Fazinni / tidak ada merk,-,-,-,IGD,IGD,Rusak Berat,BELUM DIKALIBRASI,Belum ada data,
176,Stetoskop dewasa,Cronea Care,,,2025,IGD,IGD,Baik,BELUM DIKALIBRASI,Belum ada data,
177,Syringe Pump,B-Braun,Infusomat Space P,227124,2013,IGD,IGD,Rusak Berat,BELUM DIKALIBRASI,Belum ada data,
178,Tensi Meter Dewasa,ABN,Regal,-,2019,IGD,IGD,Baik,BELUM DIKALIBRASI,Belum ada data,
179,Tensi Meter Dewasa,ABN,Regal,-,2019,IGD,IGD,Baik,BELUM DIKALIBRASI,Belum ada data,
180,Tensi Meter Dewasa,ABN,Regal,-,2019,IGD,IGD,Baik,BELUM DIKALIBRASI,Belum ada data,
181,Tensi Meter Dewasa,ABN,Regal,-,2019,IGD,IGD,Baik,BELUM DIKALIBRASI,Belum ada data,
182,Tensi Meter Dewasa,ABN,Regal,-,2019,IGD,IGD,Baik,BELUM DIKALIBRASI,Belum ada data,
183,Tensi Meter Dewasa,ABN,Regal,-,2019,IGD,IGD,Rusak Berat,BELUM DIKALIBRASI,Belum ada data,
184,Tensi Meter Dewasa,ABN,Regal,-,2019,IGD,IGD,Rusak Berat,BELUM DIKALIBRASI,Belum ada data,
185,Tensi Meter Dewasa,ABN,Regal,-,2019,IGD,IGD,Rusak Berat,BELUM DIKALIBRASI,Belum ada data,
186,Tensimeter automatic dewasa,Yuwel,YE680E,-,2023,IGD,IGD,Rusak Berat,BELUM DIKALIBRASI,Belum ada data,
187,Tensimeter automatic dewasa,Yuwel,YE680E,-,2023,IGD,IGD,Rusak Berat,BELUM DIKALIBRASI,Belum ada data,
188,Termometer Digital,Tidak ada merk,-,-,-,IGD,IGD,Baik,BELUM DIKALIBRASI,Belum ada data,Beli sendiri
189,Tiang infus,-,-,-,-,IGD,IGD,Baik,BELUM DIKALIBRASI,Belum ada data,
190,Tiang infus,-,-,-,-,IGD,IGD,Baik,BELUM DIKALIBRASI,Belum ada data,
191,Tiang infus,-,-,-,-,IGD,IGD,Baik,BELUM DIKALIBRASI,Belum ada data,
192,Tiang infus,-,-,-,-,IGD,IGD,Baik,BELUM DIKALIBRASI,Belum ada data,
193,Tiang infus,-,-,-,-,IGD,IGD,Baik,BELUM DIKALIBRASI,Belum ada data,
194,Timbangan Bayi Digital,GEA,ER 7220,202101069,-,IGD,IGD,Baik,BELUM DIKALIBRASI,Belum ada data,
195,Timbangan Dewasa Digital,SECA,-,-,-,IGD,IGD,Rusak Berat,BELUM DIKALIBRASI,Belum ada data,
196,Timbangan Dewasa Manual,SANI,-,,2023,IGD,IGD,Baik,BELUM DIKALIBRASI,Belum ada data,
197,Trolly emergency,- Mak,-,-,-,IGD,IGD,Baik,BELUM DIKALIBRASI,Belum ada data,
198,Trolly emergency,- Nutritex,,,2019,IGD,IGD,Baik,BELUM DIKALIBRASI,Belum ada data,
199,Trolly Tindakan,-,-,-,-,IGD,IGD,Baik,BELUM DIKALIBRASI,Belum ada data,
200,Trolly Tindakan,-,-,-,-,IGD,IGD,Baik,BELUM DIKALIBRASI,Belum ada data,
201,Trolly Tindakan,-,-,-,-,IGD,IGD,Baik,BELUM DIKALIBRASI,Belum ada data,
202,Urinal  plastik,-,-,-,-,IGD,IGD,Baik,BELUM DIKALIBRASI,Belum ada data,
203,USG 2 Dimensi,-,-,-,-,IGD,IGD,Baik,SUDAH DIKALIBRASI,Belum ada data,
204,Ventilator Mobile,Imtmedical,-,-,2022,IGD,IGD,Baik,SUDAH DIKALIBRASI,Belum ada data,
205,HRF,,,,,IGD JIWA,IGD JIWA,Baik,BELUM DIKALIBRASI,Belum ada data,
206,ECT,,,,,IGD JIWA,IGD JIWA,Baik,BELUM DIKALIBRASI,Belum ada data,
207,Ambu Bag,Ambu,Moretty,-,,Irna Anak,Irna Anak,Baik,BELUM DIKALIBRASI,Belum ada data,
208,Ambu Bag,Greatcare,,-,,Irna Anak,Irna Anak,Baik,BELUM DIKALIBRASI,Belum ada data,
209,Ambu Bag,Greatcare,,-,,Irna Anak,Irna Anak,Baik,BELUM DIKALIBRASI,Belum ada data,
210,Ambu Bag,Greatcare,,-,,Irna Anak,Irna Anak,Baik,BELUM DIKALIBRASI,Belum ada data,
211,Bed Anak,,YE680E,,,Irna Anak,Irna Anak,Baik,BELUM DIKALIBRASI,Belum ada data,
212,Bed Anak,,YE680E,,,Irna Anak,Irna Anak,Baik,BELUM DIKALIBRASI,Belum ada data,
213,Bed Anak,,YE680E,,,Irna Anak,Irna Anak,Baik,BELUM DIKALIBRASI,Belum ada data,
214,Bed Anak,,YE680E,,,Irna Anak,Irna Anak,Baik,BELUM DIKALIBRASI,Belum ada data,
215,Bed Anak,,YE680E,,,Irna Anak,Irna Anak,Baik,BELUM DIKALIBRASI,Belum ada data,
216,Bed Anak,,YE680E,,,Irna Anak,Irna Anak,Baik,BELUM DIKALIBRASI,Belum ada data,
217,Bed Anak,,YE680E,,,Irna Anak,Irna Anak,Baik,BELUM DIKALIBRASI,Belum ada data,
218,Bed Anak,,YE680E,,,Irna Anak,Irna Anak,Baik,BELUM DIKALIBRASI,Belum ada data,
219,Bed Anak,,YE680E,,,Irna Anak,Irna Anak,Baik,BELUM DIKALIBRASI,Belum ada data,
220,Bed Anak,,YE680E,,,Irna Anak,Irna Anak,Baik,BELUM DIKALIBRASI,Belum ada data,
221,Bed Anak,,YE680E,,,Irna Anak,Irna Anak,Baik,BELUM DIKALIBRASI,Belum ada data,
222,Bed Anak,,YE680E,,,Irna Anak,Irna Anak,Baik,BELUM DIKALIBRASI,Belum ada data,
223,Bed Anak,,YE680E,,,Irna Anak,Irna Anak,Baik,BELUM DIKALIBRASI,Belum ada data,
224,Bed Anak,,YE680E,,,Irna Anak,Irna Anak,Baik,BELUM DIKALIBRASI,Belum ada data,
225,Bed Anak,,YE680E,,,Irna Anak,Irna Anak,Baik,BELUM DIKALIBRASI,Belum ada data,
226,Bed Dewasa,Paramount,Oxy 9 Wave,-,,Irna Anak,Irna Anak,Baik,BELUM DIKALIBRASI,Belum ada data,
227,Bed Dewasa,Paramount,Oxy 9 Wave,-,,Irna Anak,Irna Anak,Baik,BELUM DIKALIBRASI,Belum ada data,
228,Bed Dewasa,Paramount,Oxy 9 Wave,-,,Irna Anak,Irna Anak,Baik,BELUM DIKALIBRASI,Belum ada data,
229,Bed Dewasa,Paramount,Oxy 9 Wave,-,,Irna Anak,Irna Anak,Baik,BELUM DIKALIBRASI,Belum ada data,
230,Bed Dewasa,Paramount,Oxy 9 Wave,-,,Irna Anak,Irna Anak,Baik,BELUM DIKALIBRASI,Belum ada data,
231,Bedside Cabinet,Paramount,11.82.00.07.03.1022.0809,-,,Irna Anak,Irna Anak,Baik,BELUM DIKALIBRASI,Belum ada data,
232,Electric suction,SANI ASPIMED,,11.3200070320130829-1,2023,Irna Anak,Irna Anak,Baik,BELUM DIKALIBRASI,Belum ada data,
233,Electric suction,SANI ASPIMED,,11.3200070320130829-2,2023,Irna Anak,Irna Anak,Baik,BELUM DIKALIBRASI,Belum ada data,
234,Infus Pump,B Braun,Innocare-T12,-  024043200355235-1,2013,Irna Anak,Irna Anak,Baik,BELUM DIKALIBRASI,Belum ada data,
235,Infus Pump,B Braun,Innocare-T12,-  024043200355235-2,2013,Irna Anak,Irna Anak,Rusak Berat,BELUM DIKALIBRASI,Belum ada data,
236,Infus Pump,Frensius Kobi,BeneHeart-12A,24043200325235000-1,2013,Irna Anak,Irna Anak,Rusak Berat,BELUM DIKALIBRASI,Belum ada data,
237,Infus Pump,Frensius Kobi,BeneHeart-12A,24043200325235000-2,2013,Irna Anak,Irna Anak,Rusak Berat,BELUM DIKALIBRASI,Belum ada data,
238,Monitor lengkap,Dixion,Stroom 5900-05,02.08.0101.05.009-1,2023,Irna Anak,Irna Anak,Baik,BELUM DIKALIBRASI,Belum ada data,
239,Monitor lengkap,Dixion,Stroom 5900-05,02.08.0101.05.009-2,2023,Irna Anak,Irna Anak,Baik,BELUM DIKALIBRASI,Belum ada data,
240,Nebulizer,OMRON,SN703A-D,23495783,2018,Irna Anak,IPSRS,Rusak Berat,BELUM DIKALIBRASI,Belum ada data,Error
241,Nebulizer,OMRON,SN703A-D,20121100022AF,2013,Irna Anak,Irna Anak,Baik,BELUM DIKALIBRASI,Belum ada data,
242,Oksigen Konsentrat,YUWELL,,,2020,Irna Anak,Irna Anak,Baik,BELUM DIKALIBRASI,Belum ada data,
243,Pulse oximeter,Bionet,Stroom 5900-05,11.32.00.07.03.2023.05.30-1,2023,Irna Anak,Irna Anak,Baik,BELUM DIKALIBRASI,Belum ada data,
244,Pulse oximeter,Bionet,Stroom 5900-05,11.32.00.07.03.2023.05.30-2,2023,Irna Anak,Irna Anak,Baik,BELUM DIKALIBRASI,Belum ada data,
245,Regulator O2,-,,-,,Irna Anak,Irna Anak,Baik,BELUM DIKALIBRASI,Belum ada data,
246,Regulator O2,-,,-,,Irna Anak,Irna Anak,Baik,BELUM DIKALIBRASI,Belum ada data,
247,Regulator O2,-,,-,,Irna Anak,Irna Anak,Baik,BELUM DIKALIBRASI,Belum ada data,
248,Regulator O2,-,,-,,Irna Anak,Irna Anak,Baik,BELUM DIKALIBRASI,Belum ada data,
249,Regulator oksigen central,RMS,Optima PT,-,,Irna Anak,Irna Anak,Baik,BELUM DIKALIBRASI,Belum ada data,
250,Regulator oksigen central,RMS,Optima PT,-,,Irna Anak,Irna Anak,Baik,BELUM DIKALIBRASI,Belum ada data,
251,Regulator oksigen central,RMS,Optima PT,-,,Irna Anak,Irna Anak,Baik,BELUM DIKALIBRASI,Belum ada data,
252,Regulator oksigen central,RMS,Optima PT,-,,Irna Anak,Irna Anak,Baik,BELUM DIKALIBRASI,Belum ada data,
253,Regulator oksigen central,RMS,Optima PT,-,,Irna Anak,Irna Anak,Baik,BELUM DIKALIBRASI,Belum ada data,
254,Regulator oksigen central,RMS,Optima PT,-,,Irna Anak,Irna Anak,Baik,BELUM DIKALIBRASI,Belum ada data,
255,Regulator oksigen central,RMS,Optima PT,-,,Irna Anak,Irna Anak,Baik,BELUM DIKALIBRASI,Belum ada data,
256,Regulator oksigen central,RMS,Optima PT,-,,Irna Anak,Irna Anak,Baik,BELUM DIKALIBRASI,Belum ada data,
257,Regulator oksigen central,RMS,Optima PT,-,,Irna Anak,Irna Anak,Baik,BELUM DIKALIBRASI,Belum ada data,
258,Regulator oksigen central,RMS,Optima PT,-,,Irna Anak,Irna Anak,Baik,BELUM DIKALIBRASI,Belum ada data,
259,Regulator oksigen central,RMS,Optima PT,-,,Irna Anak,Irna Anak,Baik,BELUM DIKALIBRASI,Belum ada data,
260,Regulator oksigen central,RMS,Optima PT,-,,Irna Anak,Irna Anak,Baik,BELUM DIKALIBRASI,Belum ada data,
261,Regulator oksigen central,RMS,Optima PT,-,,Irna Anak,Irna Anak,Baik,BELUM DIKALIBRASI,Belum ada data,
262,Regulator oksigen central,RMS,Optima PT,-,,Irna Anak,Irna Anak,Baik,BELUM DIKALIBRASI,Belum ada data,
263,Regulator oksigen central,RMS,Optima PT,-,,Irna Anak,Irna Anak,Baik,BELUM DIKALIBRASI,Belum ada data,
264,Regulator oksigen central,RMS,Optima PT,-,,Irna Anak,Irna Anak,Baik,BELUM DIKALIBRASI,Belum ada data,
265,Regulator oksigen central,RMS,Optima PT,-,,Irna Anak,Irna Anak,Baik,BELUM DIKALIBRASI,Belum ada data,
266,Regulator oksigen central,RMS,Optima PT,-,,Irna Anak,Irna Anak,Baik,BELUM DIKALIBRASI,Belum ada data,
267,Sekerem,-,NE U 17,-,,Irna Anak,Irna Anak,Baik,BELUM DIKALIBRASI,Belum ada data,
268,Sekerem,-,NE U 17,-,,Irna Anak,Irna Anak,Baik,BELUM DIKALIBRASI,Belum ada data,
269,Syringe Pump,B Braun,Innocare-T12,24043200323235,2013,Irna Anak,Irna Anak,Baik,BELUM DIKALIBRASI,Belum ada data,
270,Tensimeter automatic,YUWELL,Stroom 5900-05,11.32.0007.03.1022.08.09-1,2023,Irna Anak,Irna Anak,Rusak Ringan,BELUM DIKALIBRASI,Belum ada data,Kurang Baik
271,Tensimeter automatic,YUWELL,Stroom 5900-05,11.32.0007.03.1022.08.09-2,2023,Irna Anak,Irna Anak,Rusak Ringan,BELUM DIKALIBRASI,Belum ada data,Kurang Baik
272,Tiang infus,,Electric Suction Apparatus SN 703A-D,-,,Irna Anak,Irna Anak,Baik,BELUM DIKALIBRASI,Belum ada data,
273,Tiang infus,,Electric Suction Apparatus SN 703A-D,-,,Irna Anak,Irna Anak,Baik,BELUM DIKALIBRASI,Belum ada data,
274,Tiang infus,,Electric Suction Apparatus SN 703A-D,-,,Irna Anak,Irna Anak,Baik,BELUM DIKALIBRASI,Belum ada data,
275,Tiang infus,,Electric Suction Apparatus SN 703A-D,-,,Irna Anak,Irna Anak,Baik,BELUM DIKALIBRASI,Belum ada data,
276,Tiang infus,,Electric Suction Apparatus SN 703A-D,-,,Irna Anak,Irna Anak,Baik,BELUM DIKALIBRASI,Belum ada data,
277,Tiang infus,,Electric Suction Apparatus SN 703A-D,-,,Irna Anak,Irna Anak,Baik,BELUM DIKALIBRASI,Belum ada data,
278,Tiang infus,,Electric Suction Apparatus SN 703A-D,-,,Irna Anak,Irna Anak,Baik,BELUM DIKALIBRASI,Belum ada data,
279,Tiang infus,,Electric Suction Apparatus SN 703A-D,-,,Irna Anak,Irna Anak,Baik,BELUM DIKALIBRASI,Belum ada data,
280,Tiang infus,,Electric Suction Apparatus SN 703A-D,-,,Irna Anak,Irna Anak,Baik,BELUM DIKALIBRASI,Belum ada data,
281,Tiang infus,,Electric Suction Apparatus SN 703A-D,-,,Irna Anak,Irna Anak,Baik,BELUM DIKALIBRASI,Belum ada data,
282,Tiang infus,,Electric Suction Apparatus SN 703A-D,-,,Irna Anak,Irna Anak,Baik,BELUM DIKALIBRASI,Belum ada data,
283,Tiang infus,,Electric Suction Apparatus SN 703A-D,-,,Irna Anak,Irna Anak,Baik,BELUM DIKALIBRASI,Belum ada data,
284,Timbangan Berat Badan Dewasa,TESENA,Ne – C 900,-,2018,Irna Anak,Irna Anak,Baik,BELUM DIKALIBRASI,Belum ada data,
285,Trolly emergency,Mak,Phlegm Suction 7E-A,208011047002,2013,Irna Anak,Irna Anak,Baik,BELUM DIKALIBRASI,Belum ada data,
286,Alat pengukur gula darah,Gluco Dr.,AGM-4000,❖    SANM094-23-014,2020,Irna Bedah,Irna Bedah,Baik,BELUM DIKALIBRASI,Belum ada data,
287,Ambu Bag,Ambu,-,-,,Irna Bedah,Irna Bedah,Baik,BELUM DIKALIBRASI,Belum ada data,
288,Ambu Bag,Greatcar,-,-,,Irna Bedah,Irna Bedah,Baik,BELUM DIKALIBRASI,Belum ada data,
289,Ambu Bag,Greatcar,-,-,,Irna Bedah,Irna Bedah,Baik,BELUM DIKALIBRASI,Belum ada data,
290,Ambu Bag,Greatcar,-,-,,Irna Bedah,Irna Bedah,Baik,BELUM DIKALIBRASI,Belum ada data,
291,Ambu Bag,Greatcar,-,-,,Irna Bedah,Irna Bedah,Baik,BELUM DIKALIBRASI,Belum ada data,
292,Baskom Stainles,-,,,2018,Irna Bedah,Irna Bedah,Baik,BELUM DIKALIBRASI,Belum ada data,
293,Bed dengan Bedrails,Paramount,,,,Irna Bedah,Irna Bedah,Baik,BELUM DIKALIBRASI,Belum ada data,
294,Bed dengan Bedrails,Paramount,,,,Irna Bedah,Irna Bedah,Baik,BELUM DIKALIBRASI,Belum ada data,
295,Bed dengan Bedrails,Paramount,,,,Irna Bedah,Irna Bedah,Baik,BELUM DIKALIBRASI,Belum ada data,
296,Bed dengan Bedrails,Paramount,,,,Irna Bedah,Irna Bedah,Baik,BELUM DIKALIBRASI,Belum ada data,
297,Bed dengan Bedrails,Paramount,,,,Irna Bedah,Irna Bedah,Baik,BELUM DIKALIBRASI,Belum ada data,
298,Bed dengan Bedrails,Paramount,,,,Irna Bedah,Irna Bedah,Baik,BELUM DIKALIBRASI,Belum ada data,
299,Bed dengan Bedrails,Paramount,,,,Irna Bedah,Irna Bedah,Baik,BELUM DIKALIBRASI,Belum ada data,
300,Bed dengan Bedrails,Paramount,,,,Irna Bedah,Irna Bedah,Baik,BELUM DIKALIBRASI,Belum ada data,
301,Bed dengan Bedrails,Paramount,,,,Irna Bedah,Irna Bedah,Baik,BELUM DIKALIBRASI,Belum ada data,
302,Bed dengan Bedrails,Paramount,,,,Irna Bedah,Irna Bedah,Baik,BELUM DIKALIBRASI,Belum ada data,
303,Bed dengan Bedrails,Paramount,,,,Irna Bedah,Irna Bedah,Baik,BELUM DIKALIBRASI,Belum ada data,
304,Bed dengan Bedrails,Paramount,,,,Irna Bedah,Irna Bedah,Baik,BELUM DIKALIBRASI,Belum ada data,
305,Bed dengan Bedrails,Paramount,,,,Irna Bedah,Irna Bedah,Baik,BELUM DIKALIBRASI,Belum ada data,
306,Bed dengan Bedrails,Paramount,,,,Irna Bedah,Irna Bedah,Baik,BELUM DIKALIBRASI,Belum ada data,
307,Bed Tanpa bedrails,Paramount,,,,Irna Bedah,Irna Bedah,Baik,BELUM DIKALIBRASI,Belum ada data,
308,Bed Tanpa bedrails,Paramount,,,,Irna Bedah,Irna Bedah,Baik,BELUM DIKALIBRASI,Belum ada data,
309,Bed Tanpa bedrails,Paramount,,,,Irna Bedah,Irna Bedah,Baik,BELUM DIKALIBRASI,Belum ada data,
310,Bed Tanpa bedrails,Paramount,,,,Irna Bedah,Irna Bedah,Baik,BELUM DIKALIBRASI,Belum ada data,
311,Bed Tanpa bedrails,Paramount,,,,Irna Bedah,Irna Bedah,Baik,BELUM DIKALIBRASI,Belum ada data,
312,Bedside Cabinet,Paramount/ Tanpa merk,,,2019,Irna Bedah,Irna Bedah,Baik,BELUM DIKALIBRASI,Belum ada data,
313,Defibrilator,Cmos drake,Life400plus futura,,2018,Irna Bedah,Irna Bedah,Baik,BELUM DIKALIBRASI,Belum ada data,
314,Electric suction,SANI,Electric Suction Apparatus SN 703A-,918038848-1,2023,Irna Bedah,Irna Bedah,Baik,BELUM DIKALIBRASI,Belum ada data,
315,Electric suction,SANI,Electric Suction Apparatus SN 703A-,918038848-2,2023,Irna Bedah,Irna Bedah,Baik,BELUM DIKALIBRASI,Belum ada data,
316,Emergency kit,-,,,,Irna Bedah,Irna Bedah,Baik,BELUM DIKALIBRASI,Belum ada data,
317,Gunting perband,-,,,,Irna Bedah,Irna Bedah,Baik,BELUM DIKALIBRASI,Belum ada data,
318,Infrared Forehead,Onehealth,YHW-S,2016.07.EA16GC00113,,Irna Bedah,Irna Bedah,Baik,BELUM DIKALIBRASI,Belum ada data,
319,Infus Pump,Precionmed,Accu Drip 10,❖    SANM094-23-002,2023,Irna Bedah,Irna Bedah,Baik,BELUM DIKALIBRASI,Belum ada data,
320,Kasur Matras,-,,,,Irna Bedah,Irna Bedah,Baik,BELUM DIKALIBRASI,Belum ada data,
321,Kasur Matras,-,,,,Irna Bedah,Irna Bedah,Baik,BELUM DIKALIBRASI,Belum ada data,
322,Kasur Matras,-,,,,Irna Bedah,Irna Bedah,Baik,BELUM DIKALIBRASI,Belum ada data,
323,Kasur Matras,-,,,,Irna Bedah,Irna Bedah,Baik,BELUM DIKALIBRASI,Belum ada data,
324,Kasur Matras,-,,,,Irna Bedah,Irna Bedah,Baik,BELUM DIKALIBRASI,Belum ada data,
325,Kasur Matras,-,,,,Irna Bedah,Irna Bedah,Baik,BELUM DIKALIBRASI,Belum ada data,
326,Kasur Matras,-,,,,Irna Bedah,Irna Bedah,Baik,BELUM DIKALIBRASI,Belum ada data,
327,Kasur Matras,-,,,,Irna Bedah,Irna Bedah,Baik,BELUM DIKALIBRASI,Belum ada data,
328,Kasur Matras,-,,,,Irna Bedah,Irna Bedah,Baik,BELUM DIKALIBRASI,Belum ada data,
329,Kasur Matras,-,,,,Irna Bedah,Irna Bedah,Baik,BELUM DIKALIBRASI,Belum ada data,
330,Kasur Matras,-,,,,Irna Bedah,Irna Bedah,Baik,BELUM DIKALIBRASI,Belum ada data,
331,Kasur Matras,-,,,,Irna Bedah,Irna Bedah,Baik,BELUM DIKALIBRASI,Belum ada data,
332,Kasur Matras,-,,,,Irna Bedah,Irna Bedah,Baik,BELUM DIKALIBRASI,Belum ada data,
333,Kasur Matras,-,,,,Irna Bedah,Irna Bedah,Baik,BELUM DIKALIBRASI,Belum ada data,
334,Kasur Matras,-,,,,Irna Bedah,Irna Bedah,Baik,BELUM DIKALIBRASI,Belum ada data,
335,Kasur Matras,-,,,,Irna Bedah,Irna Bedah,Baik,BELUM DIKALIBRASI,Belum ada data,
336,Kasur Matras,-,,,,Irna Bedah,Irna Bedah,Baik,BELUM DIKALIBRASI,Belum ada data,
337,Kasur Matras,-,,,,Irna Bedah,Irna Bedah,Baik,BELUM DIKALIBRASI,Belum ada data,
338,Kasur Matras,-,,,,Irna Bedah,Irna Bedah,Baik,BELUM DIKALIBRASI,Belum ada data,
339,Meja mayo/ Meja tindakan,Top,-,-,,Irna Bedah,Irna Bedah,Baik,BELUM DIKALIBRASI,Belum ada data,
340,Meja mayo/ Meja tindakan,Top,-,-,,Irna Bedah,Irna Bedah,Baik,BELUM DIKALIBRASI,Belum ada data,
341,Mesin EKG 12 Lead,Heartscreen,Heart Screen 112,22239244,2023,Irna Bedah,Irna Bedah,Baik,BELUM DIKALIBRASI,Belum ada data,
342,"Minor Set GV terdiri dari (Gunting jaringan, pinset anatomi, pinset",-,,"Medicom, Hebu, Inox, BJB Unicef, Lawton",2018,Irna Bedah,Irna Bedah,Baik,BELUM DIKALIBRASI,Belum ada data,
343,Monitor lengkap,Dixion,1 Storm 5900-05,❖    05/09/2205/5200-1,2023,Irna Bedah,Irna Bedah,Baik,BELUM DIKALIBRASI,Belum ada data,
344,Monitor lengkap,Dixion,1 Storm 5900-05,❖    05/09/2205/5200-2,2023,Irna Bedah,Irna Bedah,Baik,BELUM DIKALIBRASI,Belum ada data,
345,Mortir/Lumpang Obat,-,,,2022,Irna Bedah,Irna Bedah,Baik,BELUM DIKALIBRASI,Belum ada data,
346,Neirbekken / Bengkok,-,,,,Irna Bedah,Irna Bedah,Baik,BELUM DIKALIBRASI,Belum ada data,
347,Pispot stainles,-,,,,Irna Bedah,Irna Bedah,Baik,BELUM DIKALIBRASI,Belum ada data,
348,Pulse oximeter,Bionet,Oxy 9 Wave,❖    05/09/2205/5186-1,2023,Irna Bedah,Irna Bedah,Baik,BELUM DIKALIBRASI,Belum ada data,
349,Pulse oximeter,Bionet,Oxy 9 Wave,❖    05/09/2205/5186-2,2023,Irna Bedah,Irna Bedah,Baik,BELUM DIKALIBRASI,Belum ada data,
350,Regulator oksigen central,RMS,,,,Irna Bedah,Irna Bedah,Baik,BELUM DIKALIBRASI,Belum ada data,
351,Regulator oksigen central,RMS,,,,Irna Bedah,Irna Bedah,Baik,BELUM DIKALIBRASI,Belum ada data,
352,Regulator oksigen central,RMS,,,,Irna Bedah,Irna Bedah,Baik,BELUM DIKALIBRASI,Belum ada data,
353,Regulator oksigen central,RMS,,,,Irna Bedah,Irna Bedah,Baik,BELUM DIKALIBRASI,Belum ada data,
354,Regulator oksigen central,RMS,,,,Irna Bedah,Irna Bedah,Baik,BELUM DIKALIBRASI,Belum ada data,
355,Regulator oksigen central,RMS,,,,Irna Bedah,Irna Bedah,Baik,BELUM DIKALIBRASI,Belum ada data,
356,Regulator oksigen central,RMS,,,,Irna Bedah,Irna Bedah,Baik,BELUM DIKALIBRASI,Belum ada data,
357,Regulator oksigen central,RMS,,,,Irna Bedah,Irna Bedah,Baik,BELUM DIKALIBRASI,Belum ada data,
358,Regulator oksigen central,RMS,,,,Irna Bedah,Irna Bedah,Baik,BELUM DIKALIBRASI,Belum ada data,
359,Regulator oksigen central,RMS,,,,Irna Bedah,Irna Bedah,Baik,BELUM DIKALIBRASI,Belum ada data,
360,Regulator oksigen central,RMS,,,,Irna Bedah,Irna Bedah,Baik,BELUM DIKALIBRASI,Belum ada data,
361,Regulator oksigen central,RMS,,,,Irna Bedah,Irna Bedah,Baik,BELUM DIKALIBRASI,Belum ada data,
362,Regulator oksigen central,RMS,,,,Irna Bedah,Irna Bedah,Baik,BELUM DIKALIBRASI,Belum ada data,
363,Regulator oksigen central,RMS,,,,Irna Bedah,Irna Bedah,Baik,BELUM DIKALIBRASI,Belum ada data,
364,Regulator oksigen central,RMS,,,,Irna Bedah,Irna Bedah,Baik,BELUM DIKALIBRASI,Belum ada data,
365,Regulator oksigen central,RMS,,,,Irna Bedah,Irna Bedah,Baik,BELUM DIKALIBRASI,Belum ada data,
366,Regulator oksigen central,RMS,,,,Irna Bedah,Irna Bedah,Baik,BELUM DIKALIBRASI,Belum ada data,
367,Regulator oksigen central,RMS,,,,Irna Bedah,Irna Bedah,Baik,BELUM DIKALIBRASI,Belum ada data,
368,Sekerem,,,,,Irna Bedah,Irna Bedah,Baik,BELUM DIKALIBRASI,Belum ada data,
369,Sekerem,,,,,Irna Bedah,Irna Bedah,Baik,BELUM DIKALIBRASI,Belum ada data,
370,Stetoskop dewasa,GEA,-,AD 000 123 0061-1,2017,Irna Bedah,Irna Bedah,Baik,BELUM DIKALIBRASI,Belum ada data,
371,Stetoskop dewasa,GEA,-,AD 000 123 0061-2,2017,Irna Bedah,Irna Bedah,Baik,BELUM DIKALIBRASI,Belum ada data,
372,Tensimeter automatic dewasa,Confort fora,P60,11.32.00.07.03.2023.05.3,2025,Irna Bedah,Irna Bedah,Baik,BELUM DIKALIBRASI,Belum ada data,
373,Termometer Digital,HuBDIC,FS-300,-,,Irna Bedah,Irna Bedah,Rusak Berat,BELUM DIKALIBRASI,Belum ada data,
374,Termometer Manual,Hexacare,-,-,,Irna Bedah,Irna Bedah,Baik,BELUM DIKALIBRASI,Belum ada data,
375,Tiang infus roda,Mak,,,,Irna Bedah,Irna Bedah,Baik,BELUM DIKALIBRASI,Belum ada data,
376,Tiang infus roda,Mak,,,,Irna Bedah,Irna Bedah,Baik,BELUM DIKALIBRASI,Belum ada data,
377,Tiang infus roda,Mak,,,,Irna Bedah,Irna Bedah,Baik,BELUM DIKALIBRASI,Belum ada data,
378,Tiang infus roda,Mak,,,,Irna Bedah,Irna Bedah,Baik,BELUM DIKALIBRASI,Belum ada data,
379,Tiang infus roda,Mak,,,,Irna Bedah,Irna Bedah,Baik,BELUM DIKALIBRASI,Belum ada data,
380,Tiang infus roda,Mak,,,,Irna Bedah,Irna Bedah,Baik,BELUM DIKALIBRASI,Belum ada data,
381,Tiang infus roda,Mak,,,,Irna Bedah,Irna Bedah,Baik,BELUM DIKALIBRASI,Belum ada data,
382,Tiang infus roda,Mak,,,,Irna Bedah,Irna Bedah,Baik,BELUM DIKALIBRASI,Belum ada data,
383,Tiang infus roda,Mak,,,,Irna Bedah,Irna Bedah,Baik,BELUM DIKALIBRASI,Belum ada data,
384,Tiang infus roda,Mak,,,,Irna Bedah,Irna Bedah,Baik,BELUM DIKALIBRASI,Belum ada data,
385,Tiang infus roda,Mak,,,,Irna Bedah,Irna Bedah,Baik,BELUM DIKALIBRASI,Belum ada data,
386,Tiang infus roda,Mak,,,,Irna Bedah,Irna Bedah,Baik,BELUM DIKALIBRASI,Belum ada data,
387,Tiang infus roda,Mak,,,,Irna Bedah,Irna Bedah,Baik,BELUM DIKALIBRASI,Belum ada data,
388,Tiang infus roda,Mak,,,,Irna Bedah,Irna Bedah,Baik,BELUM DIKALIBRASI,Belum ada data,
389,Tiang infus roda,Mak,,,,Irna Bedah,Irna Bedah,Baik,BELUM DIKALIBRASI,Belum ada data,
390,Tiang infus tanpa roda,Mak,,,,Irna Bedah,Irna Bedah,Baik,BELUM DIKALIBRASI,Belum ada data,
391,Tiang infus tanpa roda,Mak,,,,Irna Bedah,Irna Bedah,Baik,BELUM DIKALIBRASI,Belum ada data,
392,Tiang infus tanpa roda,Mak,,,,Irna Bedah,Irna Bedah,Baik,BELUM DIKALIBRASI,Belum ada data,
393,Tiang infus tanpa roda,Mak,,,,Irna Bedah,Irna Bedah,Baik,BELUM DIKALIBRASI,Belum ada data,
394,Timbangan Berat Badan,Laica,,,,Irna Bedah,Irna Bedah,Baik,BELUM DIKALIBRASI,Belum ada data,
395,Torniquet,-,,,2019,Irna Bedah,Irna Bedah,Baik,BELUM DIKALIBRASI,Belum ada data,
396,Torniquet,-,,,2019,Irna Bedah,Irna Bedah,Baik,BELUM DIKALIBRASI,Belum ada data,
397,Trolly emergency,Mak,,C413.0630,,Irna Bedah,Irna Bedah,Baik,BELUM DIKALIBRASI,Belum ada data,
398,Trolly Tindakan ( GV),Mak,-,-,,Irna Bedah,Irna Bedah,Baik,BELUM DIKALIBRASI,Belum ada data,
399,Tromol kecil,Health,,,,Irna Bedah,Irna Bedah,Baik,BELUM DIKALIBRASI,Belum ada data,
400,Tromol sedang,Cremona,,,2019,Irna Bedah,Irna Bedah,Baik,BELUM DIKALIBRASI,Belum ada data,
401,Urinal stainles / plastik,,,,,Irna Bedah,Irna Bedah,Baik,BELUM DIKALIBRASI,Belum ada data,
402,Alat GDS,"Gluco Dr.Auto""A",ACM-4000,GC21AA02027,,Irna Penyakit Dalam,Irna Penyakit Dalam,Baik,BELUM DIKALIBRASI,Belum ada data,
403,Ambu Bag,Ambu,,,,Irna Penyakit Dalam,Irna Penyakit Dalam,Baik,BELUM DIKALIBRASI,Belum ada data,
404,Ambu Bag,Ambu,,,,Irna Penyakit Dalam,Irna Penyakit Dalam,Baik,BELUM DIKALIBRASI,Belum ada data,
405,Ambu Bag - Adult,GreatCare,,GCR/03/01,2023,Irna Penyakit Dalam,Irna Penyakit Dalam,Baik,BELUM DIKALIBRASI,Belum ada data,
406,Ambu Bag - Infant,GreatCare,,GCR/03/05,2023,Irna Penyakit Dalam,Irna Penyakit Dalam,Baik,BELUM DIKALIBRASI,Belum ada data,
407,Ambu Bag - Paediatrk,GreatCare,,GCR/03/03,2023,Irna Penyakit Dalam,Irna Penyakit Dalam,Baik,BELUM DIKALIBRASI,Belum ada data,
408,Defibrilator/DC Shock,Inomed,Kardio AID 200B,16206447,2017,Irna Penyakit Dalam,Irna Penyakit Dalam,Rusak Berat,BELUM DIKALIBRASI,Belum ada data,
409,EKG,Mindray,BeneHeart-12A,FX 17003815,2021,Irna Penyakit Dalam,Irna Penyakit Dalam,Baik,BELUM DIKALIBRASI,Belum ada data,
410,Film Vewer,,,,,Irna Penyakit Dalam,Nursestation LT4,Baik,BELUM DIKALIBRASI,Belum ada data,
411,Infuse Pump,Precisionemed IMN,Accu Drip 10,AD 001230070,2023,Irna Penyakit Dalam,Irna Penyakit Dalam,Baik,BELUM DIKALIBRASI,Belum ada data,
412,Infuse Pump,Precisionemed IMN,Accu Drip 10,AD 001230062,2023,Irna Penyakit Dalam,IPSRS,Baik,BELUM DIKALIBRASI,Belum ada data,
413,Infuse Pump,Presenius Kabi,Optima PT IS,027390/23495781,2018,Irna Penyakit Dalam,IPSRS,Rusak Berat,BELUM DIKALIBRASI,Belum ada data,
414,Infuse Pump,Presenius Kabi,Optima PT IS,027390/23495699,2018,Irna Penyakit Dalam,Ruang Isolasi,Rusak Berat,BELUM DIKALIBRASI,Belum ada data,
415,Infuse Pump,Mindray,Benefusion VP5 X,SK 10308913,2021,Irna Penyakit Dalam,Irna Penyakit Dalam,Rusak Ringan,BELUM DIKALIBRASI,Belum ada data,Hilang cantolan
416,Infuse Pump,,,19328898,,Irna Penyakit Dalam,IPSRS,Rusak Berat,BELUM DIKALIBRASI,Belum ada data,
417,Infuse Pump,,,19328897,,Irna Penyakit Dalam,IPSRS,Baik,BELUM DIKALIBRASI,Belum ada data,
418,Infuse Pump,Mindray,Benefusion VP5X,,,Irna Penyakit Dalam,Irna Penyakit Dalam,Baik,BELUM DIKALIBRASI,Belum ada data,
419,Infusion Stand,,,,,Irna Penyakit Dalam,Irna Penyakit Dalam,Baik,BELUM DIKALIBRASI,Belum ada data,
420,Infusion Stand,,,,,Irna Penyakit Dalam,Irna Penyakit Dalam,Baik,BELUM DIKALIBRASI,Belum ada data,
421,Infusion Stand,,,,,Irna Penyakit Dalam,Irna Penyakit Dalam,Baik,BELUM DIKALIBRASI,Belum ada data,
422,Infusion Stand,,,,,Irna Penyakit Dalam,Irna Penyakit Dalam,Baik,BELUM DIKALIBRASI,Belum ada data,
423,Infusion Stand,,,,,Irna Penyakit Dalam,Irna Penyakit Dalam,Baik,BELUM DIKALIBRASI,Belum ada data,
424,Infusion Stand,,,,,Irna Penyakit Dalam,Irna Penyakit Dalam,Baik,BELUM DIKALIBRASI,Belum ada data,
425,Infusion Stand,,,,,Irna Penyakit Dalam,Irna Penyakit Dalam,Baik,BELUM DIKALIBRASI,Belum ada data,
426,Infusion Stand,,,,,Irna Penyakit Dalam,Irna Penyakit Dalam,Baik,BELUM DIKALIBRASI,Belum ada data,
427,Infusion Stand,,,,,Irna Penyakit Dalam,Irna Penyakit Dalam,Baik,BELUM DIKALIBRASI,Belum ada data,
428,Infusion Stand,,,,,Irna Penyakit Dalam,Irna Penyakit Dalam,Baik,BELUM DIKALIBRASI,Belum ada data,
429,Infusion Stand,,,,,Irna Penyakit Dalam,Irna Penyakit Dalam,Baik,BELUM DIKALIBRASI,Belum ada data,
430,Infusion Stand,,,,,Irna Penyakit Dalam,Irna Penyakit Dalam,Baik,BELUM DIKALIBRASI,Belum ada data,
431,Infusion Stand,,,,,Irna Penyakit Dalam,Irna Penyakit Dalam,Baik,BELUM DIKALIBRASI,Belum ada data,
432,Infusion Stand,,,,,Irna Penyakit Dalam,Irna Penyakit Dalam,Baik,BELUM DIKALIBRASI,Belum ada data,
433,Infusion Stand,,,,,Irna Penyakit Dalam,Irna Penyakit Dalam,Baik,BELUM DIKALIBRASI,Belum ada data,
434,Infusion Stand,,,,,Irna Penyakit Dalam,Irna Penyakit Dalam,Baik,BELUM DIKALIBRASI,Belum ada data,
435,Infusion Stand,,,,,Irna Penyakit Dalam,Irna Penyakit Dalam,Baik,BELUM DIKALIBRASI,Belum ada data,
436,Infusion Stand,,,,,Irna Penyakit Dalam,Irna Penyakit Dalam,Baik,BELUM DIKALIBRASI,Belum ada data,
437,Infusion Stand,,,,,Irna Penyakit Dalam,Irna Penyakit Dalam,Baik,BELUM DIKALIBRASI,Belum ada data,
438,Monitor Pasien,Dixion,Stroom 5900-05,50922055173-1,2023,Irna Penyakit Dalam,Irna Penyakit Dalam,Rusak Berat,BELUM DIKALIBRASI,Belum ada data,Manset dan Colokan SpO2 Rusak
439,Monitor Pasien,Dixion,Stroom 5900-05,50922055173-2,2023,Irna Penyakit Dalam,Irna Penyakit Dalam,Rusak Berat,BELUM DIKALIBRASI,Belum ada data,Manset dan Colokan SpO2 Rusak
440,Monitor Pasien,Dixion,Stroom 5900-05,50922055188,2023,Irna Penyakit Dalam,Irna Penyakit Dalam,Baik,BELUM DIKALIBRASI,Belum ada data,
441,Monitor Pasien,Dixion,Stroom 5900-05,50922055197,2023,Irna Penyakit Dalam,Irna Penyakit Dalam,Rusak Ringan,BELUM DIKALIBRASI,Belum ada data,Manset Tensi Rusak
442,Monitor Pasien,Philips,,DG 671R3911,2020,Irna Penyakit Dalam,Irna Penyakit Dalam,Rusak Ringan,BELUM DIKALIBRASI,Belum ada data,Manset Tensi Rusak
443,Monitor Pasien,Inomed,Innocare-T12,Q068A050007,2021,Irna Penyakit Dalam,Irna Penyakit Dalam,Rusak Ringan,BELUM DIKALIBRASI,Belum ada data,Manset Tensi Rusak
444,Monitor Pasien,Inomed,Innocare-T12,Q068A050009,2021,Irna Penyakit Dalam,Irna Penyakit Dalam,Baik,BELUM DIKALIBRASI,Belum ada data,
445,Nebulizer,Philips,Inospire Elegance,Ref 1095067,2015,Irna Penyakit Dalam,Ruang Isolasi,Baik,BELUM DIKALIBRASI,Belum ada data,
446,Nebulizer,Omron,NE-C900,20180201067,2018,Irna Penyakit Dalam,Irna Penyakit Dalam,Baik,BELUM DIKALIBRASI,Belum ada data,
447,Nebulizer,Omron,NE-417-C3,20121100053 AF,2013,Irna Penyakit Dalam,Irna Penyakit Dalam,Rusak Berat,BELUM DIKALIBRASI,Belum ada data,
448,Oxigen Concentrator,Yuwell,9F5AW,200501092,2020,Irna Penyakit Dalam,Irna Penyakit Dalam,Baik,BELUM DIKALIBRASI,Belum ada data,Jarang dipakai
449,Oxigen Concentrator,Krober,Krober 02,1013055928,2013,Irna Penyakit Dalam,Irna Penyakit Dalam,Baik,BELUM DIKALIBRASI,Belum ada data,Jarang dipakai (Masih dibungkus)
450,Oxigen Concentrator,Krober,Krober 02,1021051798,2013,Irna Penyakit Dalam,Irna Penyakit Dalam,Baik,BELUM DIKALIBRASI,Belum ada data,Jarang dipakai (Masih dibungkus)
451,Oxygen Portable,,,,,Irna Penyakit Dalam,Irna Penyakit Dalam,Baik,BELUM DIKALIBRASI,Belum ada data,
452,Paramount Bedside Cabinet,,,,,Irna Penyakit Dalam,Irna Penyakit Dalam,Baik,BELUM DIKALIBRASI,Belum ada data,
453,Paramount Bedside Cabinet,,,,,Irna Penyakit Dalam,Irna Penyakit Dalam,Baik,BELUM DIKALIBRASI,Belum ada data,
454,Paramount Bedside Cabinet,,,,,Irna Penyakit Dalam,Irna Penyakit Dalam,Baik,BELUM DIKALIBRASI,Belum ada data,
455,Paramount Bedside Cabinet,,,,,Irna Penyakit Dalam,Irna Penyakit Dalam,Baik,BELUM DIKALIBRASI,Belum ada data,
456,Paramount Bedside Cabinet,,,,,Irna Penyakit Dalam,Irna Penyakit Dalam,Baik,BELUM DIKALIBRASI,Belum ada data,
457,Paramount Bedside Cabinet,,,,,Irna Penyakit Dalam,Irna Penyakit Dalam,Baik,BELUM DIKALIBRASI,Belum ada data,
458,Paramount Bedside Cabinet,,,,,Irna Penyakit Dalam,Irna Penyakit Dalam,Baik,BELUM DIKALIBRASI,Belum ada data,
459,Paramount Bedside Cabinet,,,,,Irna Penyakit Dalam,Irna Penyakit Dalam,Baik,BELUM DIKALIBRASI,Belum ada data,
460,Paramount Bedside Cabinet,,,,,Irna Penyakit Dalam,Irna Penyakit Dalam,Baik,BELUM DIKALIBRASI,Belum ada data,
461,Paramount Bedside Cabinet,,,,,Irna Penyakit Dalam,Irna Penyakit Dalam,Baik,BELUM DIKALIBRASI,Belum ada data,
462,Paramount Bedside Cabinet,,,,,Irna Penyakit Dalam,Irna Penyakit Dalam,Baik,BELUM DIKALIBRASI,Belum ada data,
463,Paramount Bedside Cabinet,,,,,Irna Penyakit Dalam,Irna Penyakit Dalam,Baik,BELUM DIKALIBRASI,Belum ada data,
464,Paramount Bedside Cabinet,,,,,Irna Penyakit Dalam,Irna Penyakit Dalam,Baik,BELUM DIKALIBRASI,Belum ada data,
465,Paramount Bedside Cabinet,,,,,Irna Penyakit Dalam,Irna Penyakit Dalam,Baik,BELUM DIKALIBRASI,Belum ada data,
466,Paramount Bedside Cabinet,,,,,Irna Penyakit Dalam,Irna Penyakit Dalam,Baik,BELUM DIKALIBRASI,Belum ada data,
467,Paramount Bedside Cabinet,,,,,Irna Penyakit Dalam,Irna Penyakit Dalam,Baik,BELUM DIKALIBRASI,Belum ada data,
468,Paramount Bedside Cabinet,,,,,Irna Penyakit Dalam,Irna Penyakit Dalam,Baik,BELUM DIKALIBRASI,Belum ada data,
469,Paramount Bedside Cabinet,,,,,Irna Penyakit Dalam,Irna Penyakit Dalam,Baik,BELUM DIKALIBRASI,Belum ada data,
470,Paramount Bedside Cabinet,,,,,Irna Penyakit Dalam,Irna Penyakit Dalam,Baik,BELUM DIKALIBRASI,Belum ada data,
471,Pulse Oximeter,ChoiceMed,MD300C29,201708 749887,2020,Irna Penyakit Dalam,Irna Penyakit Dalam,Baik,BELUM DIKALIBRASI,Belum ada data,
472,Pulse Oximeter,Mindray,UPM006-10CD,Z1160001382,2021,Irna Penyakit Dalam,Irna Penyakit Dalam,Baik,BELUM DIKALIBRASI,Belum ada data,Hilang Charge
473,Pulse Oximeter,Beurer P60,,89077 ulm,2025,Irna Penyakit Dalam,Irna Penyakit Dalam,Rusak Berat,BELUM DIKALIBRASI,Belum ada data,
474,Regulator Oxygen,,,,,Irna Penyakit Dalam,Irna Penyakit Dalam,Baik,BELUM DIKALIBRASI,Belum ada data,
475,Regulator Oxygen,,,,,Irna Penyakit Dalam,Irna Penyakit Dalam,Baik,BELUM DIKALIBRASI,Belum ada data,
476,Regulator Oxygen,,,,,Irna Penyakit Dalam,Irna Penyakit Dalam,Baik,BELUM DIKALIBRASI,Belum ada data,
477,Regulator Oxygen,,,,,Irna Penyakit Dalam,Irna Penyakit Dalam,Baik,BELUM DIKALIBRASI,Belum ada data,
478,Regulator Oxygen,,,,,Irna Penyakit Dalam,Irna Penyakit Dalam,Baik,BELUM DIKALIBRASI,Belum ada data,
479,Regulator Oxygen,,,,,Irna Penyakit Dalam,Irna Penyakit Dalam,Baik,BELUM DIKALIBRASI,Belum ada data,
480,Regulator Oxygen,,,,,Irna Penyakit Dalam,Irna Penyakit Dalam,Baik,BELUM DIKALIBRASI,Belum ada data,
481,Regulator Oxygen,,,,,Irna Penyakit Dalam,Irna Penyakit Dalam,Baik,BELUM DIKALIBRASI,Belum ada data,
482,Regulator Oxygen,,,,,Irna Penyakit Dalam,Irna Penyakit Dalam,Baik,BELUM DIKALIBRASI,Belum ada data,
483,Regulator Oxygen,,,,,Irna Penyakit Dalam,Irna Penyakit Dalam,Baik,BELUM DIKALIBRASI,Belum ada data,
484,Regulator Oxygen,,,,,Irna Penyakit Dalam,Irna Penyakit Dalam,Baik,BELUM DIKALIBRASI,Belum ada data,
485,Regulator Oxygen,,,,,Irna Penyakit Dalam,Irna Penyakit Dalam,Baik,BELUM DIKALIBRASI,Belum ada data,
486,Regulator Oxygen,,,,,Irna Penyakit Dalam,Irna Penyakit Dalam,Baik,BELUM DIKALIBRASI,Belum ada data,
487,Regulator Oxygen,,,,,Irna Penyakit Dalam,Irna Penyakit Dalam,Baik,BELUM DIKALIBRASI,Belum ada data,
488,Regulator Oxygen,,,,,Irna Penyakit Dalam,Irna Penyakit Dalam,Rusak Berat,BELUM DIKALIBRASI,Belum ada data,
489,Regulator Oxygen,,,,,Irna Penyakit Dalam,Irna Penyakit Dalam,Rusak Berat,BELUM DIKALIBRASI,Belum ada data,
490,Set GV Lengkap,,,,2025,Irna Penyakit Dalam,Irna Penyakit Dalam,Baik,BELUM DIKALIBRASI,Belum ada data,
491,Stethoscope,GEA,,,,Irna Penyakit Dalam,Irna Penyakit Dalam,Baik,BELUM DIKALIBRASI,Belum ada data,
492,Stethoscope,,,,,Irna Penyakit Dalam,Irna Penyakit Dalam,Baik,BELUM DIKALIBRASI,Belum ada data,
493,Suction,Sani,SN703A-D,SANM 094-23-008,2023,Irna Penyakit Dalam,Irna Penyakit Dalam,Baik,BELUM DIKALIBRASI,Belum ada data,Jarang dipakai
494,Suction,Sani,SN703A-D,SANM 094-23-007,2023,Irna Penyakit Dalam,Irna Penyakit Dalam,Baik,BELUM DIKALIBRASI,Belum ada data,
495,Suction Portable,General Care,Phlegm Suction 7E-A,20130722482,,Irna Penyakit Dalam,Irna Penyakit Dalam,Baik,BELUM DIKALIBRASI,Belum ada data,
496,Suction Pump,Aspimed 3.3,Moretty,1621,2013,Irna Penyakit Dalam,Irna Penyakit Dalam,Baik,BELUM DIKALIBRASI,Belum ada data,
497,Syringe Pump,Precisionemed,Accu Drip 20,AD 0002230075,2023,Irna Penyakit Dalam,Irna Penyakit Dalam,Baik,BELUM DIKALIBRASI,Belum ada data,
498,Syringe Pump,Precisionemed,Accu Drip 20,AD 0002230070-1,2023,Irna Penyakit Dalam,Irna Penyakit Dalam,Baik,BELUM DIKALIBRASI,Belum ada data,
499,Syringe Pump,Precisionemed,Accu Drip 20,AD 0002230070-2,2023,Irna Penyakit Dalam,Irna Penyakit Dalam,Baik,BELUM DIKALIBRASI,Belum ada data,
500,Syringe Pump,Precisionemed,Accu Drip 20,AD 0002230070-3,2023,Irna Penyakit Dalam,Irna Penyakit Dalam,Baik,BELUM DIKALIBRASI,Belum ada data,
501,Syringe Pump,Precisionemed,Accu Drip 20,AD 0002230070-4,2023,Irna Penyakit Dalam,Irna Penyakit Dalam,Baik,BELUM DIKALIBRASI,Belum ada data,
502,Syringe Pump,Fresenius Kabi,Injectomat Agilia,018094/23196637,,Irna Penyakit Dalam,Irna Penyakit Dalam,Rusak Berat,BELUM DIKALIBRASI,Belum ada data,
503,Syringe Pump,Fresenius Kabi,Injectomat Agilia,018094/23196632,,Irna Penyakit Dalam,Irna Penyakit Dalam,Baik,BELUM DIKALIBRASI,Belum ada data,
504,Syringe Pump,Fresenius Kabi,Injectomat Agilia,018094/23196958,,Irna Penyakit Dalam,Irna Penyakit Dalam,Baik,BELUM DIKALIBRASI,Belum ada data,
505,Syringe Pump,Fresenius Kabi,Injectomat Agilia,018094/23196639,,Irna Penyakit Dalam,Irna Penyakit Dalam,Baik,BELUM DIKALIBRASI,Belum ada data,
506,Tempat tidur Pasien,,,,,Irna Penyakit Dalam,Irna Penyakit Dalam,Baik,BELUM DIKALIBRASI,Belum ada data,
507,Tempat tidur Pasien,,,,,Irna Penyakit Dalam,Irna Penyakit Dalam,Baik,BELUM DIKALIBRASI,Belum ada data,
508,Tempat tidur Pasien,,,,,Irna Penyakit Dalam,Irna Penyakit Dalam,Baik,BELUM DIKALIBRASI,Belum ada data,
509,Tempat tidur Pasien,,,,,Irna Penyakit Dalam,Irna Penyakit Dalam,Baik,BELUM DIKALIBRASI,Belum ada data,
510,Tempat tidur Pasien,,,,,Irna Penyakit Dalam,Irna Penyakit Dalam,Baik,BELUM DIKALIBRASI,Belum ada data,
511,Tempat tidur Pasien,,,,,Irna Penyakit Dalam,Irna Penyakit Dalam,Baik,BELUM DIKALIBRASI,Belum ada data,
512,Tempat tidur Pasien,,,,,Irna Penyakit Dalam,Irna Penyakit Dalam,Baik,BELUM DIKALIBRASI,Belum ada data,
513,Tempat tidur Pasien,,,,,Irna Penyakit Dalam,Irna Penyakit Dalam,Baik,BELUM DIKALIBRASI,Belum ada data,
514,Tempat tidur Pasien,,,,,Irna Penyakit Dalam,Irna Penyakit Dalam,Baik,BELUM DIKALIBRASI,Belum ada data,
515,Tempat tidur Pasien,,,,,Irna Penyakit Dalam,Irna Penyakit Dalam,Baik,BELUM DIKALIBRASI,Belum ada data,
516,Tempat tidur Pasien,,,,,Irna Penyakit Dalam,Irna Penyakit Dalam,Baik,BELUM DIKALIBRASI,Belum ada data,
517,Tempat tidur Pasien,,,,,Irna Penyakit Dalam,Irna Penyakit Dalam,Baik,BELUM DIKALIBRASI,Belum ada data,
518,Tempat tidur Pasien,,,,,Irna Penyakit Dalam,Irna Penyakit Dalam,Baik,BELUM DIKALIBRASI,Belum ada data,
519,Tempat tidur Pasien,,,,,Irna Penyakit Dalam,Irna Penyakit Dalam,Baik,BELUM DIKALIBRASI,Belum ada data,
520,Tempat tidur Pasien,,,,,Irna Penyakit Dalam,Irna Penyakit Dalam,Baik,BELUM DIKALIBRASI,Belum ada data,
521,Tempat tidur Pasien,,,,,Irna Penyakit Dalam,Irna Penyakit Dalam,Baik,BELUM DIKALIBRASI,Belum ada data,
522,Tensi Meter,Regal,Clock Aneroid,20005180,2020,Irna Penyakit Dalam,Irna Penyakit Dalam,Rusak Ringan,BELUM DIKALIBRASI,Belum ada data,Manset Tensi Rusak
523,Tensi Meter,,DM-500,151006059,2018,Irna Penyakit Dalam,IPSRS,Rusak Berat,BELUM DIKALIBRASI,Belum ada data,
524,Tensi Meter,,DM-500,151006152,2018,Irna Penyakit Dalam,IPSRS,Rusak Berat,BELUM DIKALIBRASI,Belum ada data,
525,Tensi Meter BIASA,Jziki,,2020 10052740,2025,Irna Penyakit Dalam,Irna Penyakit Dalam,Baik,BELUM DIKALIBRASI,Belum ada data,
526,Tensi Meter Digital,Fora P60,,0471989-3235142,2025,Irna Penyakit Dalam,Irna Penyakit Dalam,Baik,BELUM DIKALIBRASI,Belum ada data,
527,Thermometer,HuBDic,FS-300,Y432406,2018,Irna Penyakit Dalam,Irna Penyakit Dalam,Rusak Berat,BELUM DIKALIBRASI,Belum ada data,
528,Thermometer,OneHealt,Infrared Forehead,XC22103106940,2023,Irna Penyakit Dalam,Irna Penyakit Dalam,Baik,BELUM DIKALIBRASI,Belum ada data,
529,Timbangan,Seca,,7621019008,2017,Irna Penyakit Dalam,Irna Penyakit Dalam,Baik,BELUM DIKALIBRASI,Belum ada data,
530,Trolly Emergency,Mak,36603,,2011,Irna Penyakit Dalam,Irna Penyakit Dalam,Baik,BELUM DIKALIBRASI,Belum ada data,
531,Trolly Tindakan,,,,,Irna Penyakit Dalam,Irna Penyakit Dalam,Baik,BELUM DIKALIBRASI,Belum ada data,
532,Trolly Tindakan,,,,,Irna Penyakit Dalam,Irna Penyakit Dalam,Baik,BELUM DIKALIBRASI,Belum ada data,
533,Trolly Tindakan,,,,,Irna Penyakit Dalam,Irna Penyakit Dalam,Baik,BELUM DIKALIBRASI,Belum ada data,
534,Ambu Bag,Ambu,-,-,,Irna Perinatology,Irna Perinatology,Baik,BELUM DIKALIBRASI,Belum ada data,
535,Ambu Bag,Greatcare,,,,Irna Perinatology,Irna Perinatology,Baik,BELUM DIKALIBRASI,Belum ada data,
536,Ambu Bag,Greatcare,,,,Irna Perinatology,Irna Perinatology,Baik,BELUM DIKALIBRASI,Belum ada data,
537,Ambu Bag,Greatcare,,,,Irna Perinatology,Irna Perinatology,Baik,BELUM DIKALIBRASI,Belum ada data,
538,Ambu Bag warna biru,,-,-,-,Irna Perinatology,Irna Perinatology,Baik,BELUM DIKALIBRASI,Belum ada data,
539,Ambu Bag warna hitam,,-,-,-,Irna Perinatology,Irna Perinatology,Baik,BELUM DIKALIBRASI,Belum ada data,
540,Bed dengan Bedrails,Paramount,-,-,,Irna Perinatology,Irna Perinatology,Baik,BELUM DIKALIBRASI,Belum ada data,
541,Bed dengan Bedrails,Paramount,-,-,,Irna Perinatology,Irna Perinatology,Baik,BELUM DIKALIBRASI,Belum ada data,
542,Bed dengan Bedrails,Paramount,-,-,,Irna Perinatology,Irna Perinatology,Baik,BELUM DIKALIBRASI,Belum ada data,
543,Bedside Cabinet,Paramount/ Tanpa merk,-,-,,Irna Perinatology,Irna Perinatology,Baik,BELUM DIKALIBRASI,Belum ada data,
544,Box Bayi,Paramount,-,-,2007,Irna Perinatology,Irna Perinatology,Baik,BELUM DIKALIBRASI,Belum ada data,
545,Box Bayi,Paramount,-,-,2007,Irna Perinatology,Irna Perinatology,Baik,BELUM DIKALIBRASI,Belum ada data,
546,Box Bayi,Paramount,-,-,2007,Irna Perinatology,Irna Perinatology,Baik,BELUM DIKALIBRASI,Belum ada data,
547,Box Bayi,Paramount,-,-,2007,Irna Perinatology,Irna Perinatology,Baik,BELUM DIKALIBRASI,Belum ada data,
548,Box Bayi,Paramount,-,-,2007,Irna Perinatology,Irna Perinatology,Baik,BELUM DIKALIBRASI,Belum ada data,
549,Box Bayi,Tanpa merk,-,-,-,Irna Perinatology,Irna Perinatology,Baik,BELUM DIKALIBRASI,Belum ada data,
550,Box Bayi,Tanpa merk,-,-,-,Irna Perinatology,Irna Perinatology,Baik,BELUM DIKALIBRASI,Belum ada data,
551,Box Bayi,GEA,-,-,-,Irna Perinatology,Irna Perinatology,Baik,BELUM DIKALIBRASI,Belum ada data,
552,Box Bayi,GEA,-,-,-,Irna Perinatology,Irna Perinatology,Baik,BELUM DIKALIBRASI,Belum ada data,
553,Box Bayi,GEA,-,-,-,Irna Perinatology,Irna Perinatology,Baik,BELUM DIKALIBRASI,Belum ada data,
554,Box Bayi,GEA,-,-,-,Irna Perinatology,Irna Perinatology,Baik,BELUM DIKALIBRASI,Belum ada data,
555,Box Bayi,GEA,-,-,-,Irna Perinatology,Irna Perinatology,Baik,BELUM DIKALIBRASI,Belum ada data,
556,CPAP,One Med,AD Series,SN 18037I045,2019,Irna Perinatology,Irna Perinatology,Baik,BELUM DIKALIBRASI,Belum ada data,
557,Fototherapi,Mediled,LED Phototherapy,SN 1861-12,2013,Irna Perinatology,Irna Perinatology,Baik,BELUM DIKALIBRASI,Belum ada data,
558,Fototherapi,Mediled,LED Phototherapy,SN 1856-12-1,2013,Irna Perinatology,Irna Perinatology,Baik,BELUM DIKALIBRASI,Belum ada data,
559,Fototherapi,Mediled,LED Phototherapy,SN 1856-12-2,2013,Irna Perinatology,Irna Perinatology,Baik,BELUM DIKALIBRASI,Belum ada data,
560,Fototherapi,Mediled,LED Phototherapy,SN 1856-12-3,2013,Irna Perinatology,Irna Perinatology,Baik,BELUM DIKALIBRASI,Belum ada data,
561,Fototherapi,Mediled,LED Phototherapy,SN 1856-12-4,2013,Irna Perinatology,Irna Perinatology,Baik,BELUM DIKALIBRASI,Belum ada data,
562,Fototherapi,Mediled,LED Phototherapy,SN 1856-12-5,2013,Irna Perinatology,Irna Perinatology,Baik,BELUM DIKALIBRASI,Belum ada data,
563,Fototherapi,Atom,Phototherapy,SN 1692-777,2006,Irna Perinatology,Irna Perinatology,Baik,BELUM DIKALIBRASI,Belum ada data,
564,Fototherapi,Mediled,LED Phototherapy,SN 468-09,2013,Irna Perinatology,Irna Perinatology,Baik,BELUM DIKALIBRASI,Belum ada data,
565,Fototherapi,Medixe,Phototherapy PH1A,SN 40401109140,2009,Irna Perinatology,Irna Perinatology,Baik,BELUM DIKALIBRASI,Belum ada data,
566,Fototherapi,Mediled,Phototherapy PH1A,SN 40401109074,2009,Irna Perinatology,Irna Perinatology,Baik,BELUM DIKALIBRASI,Belum ada data,
567,Gunting perband,-,-,-,,Irna Perinatology,Irna Perinatology,Baik,BELUM DIKALIBRASI,Belum ada data,
568,Incubator,Dixion,Baby Guard - 1107,SN 11/20/2304/4001,2023,Irna Perinatology,Irna Perinatology,Baik,BELUM DIKALIBRASI,Belum ada data,
569,Incubator,Dixion,Baby Guard - 1107,SN 11/20/2304/4002,2023,Irna Perinatology,Irna Perinatology,Baik,BELUM DIKALIBRASI,Belum ada data,
570,Incubator,Dixion,Baby Guard - 1107,SN 11/20/2304/4003,2023,Irna Perinatology,Irna Perinatology,Rusak Berat,BELUM DIKALIBRASI,Belum ada data,
571,Incubator,YP 100,YP 100,SN 05094271,2005,Irna Perinatology,Irna Perinatology,Rusak Berat,BELUM DIKALIBRASI,Belum ada data,
572,Incubator,YP 100,YP 100,SN 06045020,2006,Irna Perinatology,Irna Perinatology,Rusak Berat,BELUM DIKALIBRASI,Belum ada data,
573,Infant Warmer,SANI,SN 100/W,SN SANM021-22-133,2022,Irna Perinatology,Irna Perinatology,Baik,BELUM DIKALIBRASI,Belum ada data,
574,Infant Warmer,FAZZINI,BN-100A,SN 1190730039,2022,Irna Perinatology,Irna Perinatology,Baik,BELUM DIKALIBRASI,Belum ada data,
575,Infant Warmer,ATOM,C20-0304,SN 615652200024,2022,Irna Perinatology,Irna Perinatology,Baik,BELUM DIKALIBRASI,Belum ada data,
576,Infant Warmer,ATOM,C20-0304,SN 615652200025,2022,Irna Perinatology,Irna Perinatology,Baik,BELUM DIKALIBRASI,Belum ada data,
577,Infant Warmer,Medix,SM 401,SN 1151-05,2008,Irna Perinatology,Irna Perinatology,Baik,BELUM DIKALIBRASI,Belum ada data,
578,Infant Warmer,Medix,SM 401,SN 5089-13,2013,Irna Perinatology,Irna Perinatology,Baik,BELUM DIKALIBRASI,Belum ada data,
579,Infant Warmer,Medix,SM 401,SN 5001-13,2013,Irna Perinatology,Irna Perinatology,Baik,BELUM DIKALIBRASI,Belum ada data,
580,Infus Pump,B-Braun,8713070,SN 227241,2013,Irna Perinatology,Irna Perinatology,Baik,BELUM DIKALIBRASI,Belum ada data,
581,Infus Pump,B-Braun,8713070,SN 227252,2013,Irna Perinatology,Irna Perinatology,Baik,BELUM DIKALIBRASI,Belum ada data,
582,Infus Pump,Optima PTIS,Optima PTIS,SN 097390/23495695,2018,Irna Perinatology,Irna Perinatology,Baik,BELUM DIKALIBRASI,Belum ada data,
583,Kasur Matras,-,-,-,,Irna Perinatology,Irna Perinatology,Baik,BELUM DIKALIBRASI,Belum ada data,
584,Kasur Matras,-,-,-,,Irna Perinatology,Irna Perinatology,Baik,BELUM DIKALIBRASI,Belum ada data,
585,Kasur Matras,-,-,-,,Irna Perinatology,Irna Perinatology,Baik,BELUM DIKALIBRASI,Belum ada data,
586,Korentang,-,-,-,,Irna Perinatology,Irna Perinatology,Baik,BELUM DIKALIBRASI,Belum ada data,
587,Laringoscope set,-,-,-,-,Irna Perinatology,Irna Perinatology,Baik,BELUM DIKALIBRASI,Belum ada data,
588,Monitor Lengkap + EKG,Altus Omni II,-,SN OMNI 209103045,2009,Irna Perinatology,Irna Perinatology,Baik,BELUM DIKALIBRASI,Belum ada data,
589,Monitor Lengkap + EKG,,,,,Irna Perinatology,Irna Perinatology,Baik,BELUM DIKALIBRASI,Belum ada data,
590,Neirbekken / Bengkok,-,-,-,,Irna Perinatology,Irna Perinatology,Baik,BELUM DIKALIBRASI,Belum ada data,
591,Neo Transport Incubator,Fanem,ITS 158 TS,SN 3070110074,2012,Irna Perinatology,Irna Perinatology,Rusak Ringan,BELUM DIKALIBRASI,Belum ada data,Baterai Tidak Baik
592,Neo Transport Incubator,Medix,TR 200,SN 2111-11,-,Irna Perinatology,Irna Perinatology,Baik,BELUM DIKALIBRASI,Belum ada data,
593,Neo Transport Incubator,Medix,TR 200,SN 2102-11,2017,Irna Perinatology,Irna Perinatology,Baik,BELUM DIKALIBRASI,Belum ada data,
594,Neopuff,Fisher and Paykel,RD900AEU,SN 090901002849,2009,Irna Perinatology,Irna Perinatology,Baik,BELUM DIKALIBRASI,Belum ada data,
595,Pulse Oximetri,One Med,Bionet,SN O2A4ENA0061,2023,Irna Perinatology,Irna Perinatology,Baik,BELUM DIKALIBRASI,Belum ada data,
596,Pulse Oximetri,One Med,Bionet,SN ENAA0038,2023,Irna Perinatology,Irna Perinatology,Baik,BELUM DIKALIBRASI,Belum ada data,
597,Pulse Oximetri  + Charger,Advanced,PO-100B,SN 261999-M21902290001,2022,Irna Perinatology,Irna Perinatology,Baik,BELUM DIKALIBRASI,Belum ada data,
598,Regulator O2,-,-,-,,Irna Perinatology,Irna Perinatology,Baik,BELUM DIKALIBRASI,Belum ada data,
599,Regulator O2,-,-,-,,Irna Perinatology,Irna Perinatology,Baik,BELUM DIKALIBRASI,Belum ada data,
600,Regulator O2,-,-,-,,Irna Perinatology,Irna Perinatology,Baik,BELUM DIKALIBRASI,Belum ada data,
601,Regulator O2,-,-,-,,Irna Perinatology,Irna Perinatology,Baik,BELUM DIKALIBRASI,Belum ada data,
602,Regulator O2,-,-,-,,Irna Perinatology,Irna Perinatology,Baik,BELUM DIKALIBRASI,Belum ada data,
603,Regulator oksigen central,RMS,-,-,,Irna Perinatology,Irna Perinatology,Baik,BELUM DIKALIBRASI,Belum ada data,
604,Regulator oksigen central,RMS,-,-,,Irna Perinatology,Irna Perinatology,Baik,BELUM DIKALIBRASI,Belum ada data,
605,Regulator oksigen central,RMS,-,-,,Irna Perinatology,Irna Perinatology,Baik,BELUM DIKALIBRASI,Belum ada data,
606,Regulator oksigen central,RMS,-,-,,Irna Perinatology,Irna Perinatology,Baik,BELUM DIKALIBRASI,Belum ada data,
607,Regulator oksigen central,RMS,-,-,,Irna Perinatology,Irna Perinatology,Baik,BELUM DIKALIBRASI,Belum ada data,
608,Resusitasi Flow / Neopuff,Resusci Flow,Rail Mounting,SN 220100255,2022,Irna Perinatology,Irna Perinatology,Baik,BELUM DIKALIBRASI,Belum ada data,
609,Stetoscope,Erka,Infant,-,,Irna Perinatology,Irna Perinatology,Baik,BELUM DIKALIBRASI,Belum ada data,
610,Stetoscope,Erka,Infant,-,,Irna Perinatology,Irna Perinatology,Baik,BELUM DIKALIBRASI,Belum ada data,
611,Stetoscope,ABN,Infant,-,,Irna Perinatology,Irna Perinatology,Baik,BELUM DIKALIBRASI,Belum ada data,
612,Suction Mobile,Atmos,-,SN 007408006500065,2009,Irna Perinatology,Irna Perinatology,Baik,BELUM DIKALIBRASI,Belum ada data,
613,Suction Pump,Tecno Gaz,Tecno 40,SN B15641008,2008,Irna Perinatology,Irna Perinatology,Baik,BELUM DIKALIBRASI,Belum ada data,
614,Suction Pump,Gabler,FSE 500,SN 7980.05.07,2007,Irna Perinatology,Irna Perinatology,Baik,BELUM DIKALIBRASI,Belum ada data,
615,Suction Pump,Sani,SN703A-D,SN SANM094-23-006,2023,Irna Perinatology,Irna Perinatology,Baik,BELUM DIKALIBRASI,Belum ada data,
616,Syiringe Pump,Fresenius Kabi,Injectomat-Agilia is,SN 018090/20402518,2014,Irna Perinatology,Irna Perinatology,Baik,BELUM DIKALIBRASI,Belum ada data,
617,Termometer Digital,Microlife,Forhead,-,,Irna Perinatology,Irna Perinatology,Baik,BELUM DIKALIBRASI,Belum ada data,
618,Termometer Digital,Microlife,Forhead,-,,Irna Perinatology,Irna Perinatology,Baik,BELUM DIKALIBRASI,Belum ada data,
619,Termometer Digital,Microlife,FS 300,-,,Irna Perinatology,Irna Perinatology,Baik,BELUM DIKALIBRASI,Belum ada data,
620,Termometer Manual/ air raksa,Safety,-,-,,Irna Perinatology,Irna Perinatology,Baik,BELUM DIKALIBRASI,Belum ada data,
621,Tiang infus roda,Mak,-,-,,Irna Perinatology,Irna Perinatology,Baik,BELUM DIKALIBRASI,Belum ada data,
622,Tiang infus roda,Mak,-,-,,Irna Perinatology,Irna Perinatology,Baik,BELUM DIKALIBRASI,Belum ada data,
623,Tiang infus roda,Mak,-,-,,Irna Perinatology,Irna Perinatology,Baik,BELUM DIKALIBRASI,Belum ada data,
624,Tiang infus roda,Mak,-,-,,Irna Perinatology,Irna Perinatology,Baik,BELUM DIKALIBRASI,Belum ada data,
625,Tiang infus roda,Mak,-,-,,Irna Perinatology,Irna Perinatology,Baik,BELUM DIKALIBRASI,Belum ada data,
626,Timbangan Bayi,Elitech,-,SN TD314BA0828,2018,Irna Perinatology,Irna Perinatology,Baik,BELUM DIKALIBRASI,Belum ada data,
627,Timbangan Bayi,Seca,-,SN 10000000306941,2019,Irna Perinatology,Irna Perinatology,Baik,BELUM DIKALIBRASI,Belum ada data,
628,Timbangan Bayi,Seca,-,SN 3541317009,2011,IGD,Irna Perinatology,Baik,BELUM DIKALIBRASI,Belum ada data,
629,Umbilikal Set,-,-,-,,Irna Perinatology,Irna Perinatology,Baik,BELUM DIKALIBRASI,Belum ada data,
630,Umbilikal Set,-,-,-,,Irna Perinatology,Irna Perinatology,Baik,BELUM DIKALIBRASI,Belum ada data,
631,Umbilikal Set,-,-,-,,Irna Perinatology,Irna Perinatology,Baik,BELUM DIKALIBRASI,Belum ada data,
632,Centrifuge,Eppendorf,,SN 5702HI945670-1,-,Laboratorium,Laboratorium,Baik,BELUM DIKALIBRASI,Belum ada data,
633,Centrifuge,Eppendorf,,SN 5702HI945670-2,-,Laboratorium,Laboratorium,Baik,BELUM DIKALIBRASI,Belum ada data,
634,Centrifuge,,,SN 5702HI145631,,Laboratorium,Laboratorium,Baik,BELUM DIKALIBRASI,Belum ada data,
635,Elektrolit,MK-Cell,,BE060289,,Laboratorium,Laboratorium,Baik,BELUM DIKALIBRASI,Belum ada data,
636,Hematologi,Swelab Alpa,-,SN-17099,,Laboratorium,Laboratorium,Baik,BELUM DIKALIBRASI,Belum ada data,
637,Hematologi,Mindray,BC5130,SN TR-43009330,,Laboratorium,Laboratorium,Baik,BELUM DIKALIBRASI,Belum ada data,
638,Hematologi,Sysmex,XN 330,SN 11855,,Laboratorium,Laboratorium,Baik,BELUM DIKALIBRASI,Belum ada data,
639,Hemostatis,Solea 100,,SN 0180060D-0006,,Laboratorium,Laboratorium,Baik,BELUM DIKALIBRASI,Belum ada data,
640,Imunologi,I-Chroma II,,IR2RF114013,,Laboratorium,Laboratorium,Baik,BELUM DIKALIBRASI,Belum ada data,
641,Kimia Klinik,Mindray,BS230,SN YY-9001408,,Laboratorium,Laboratorium,Baik,BELUM DIKALIBRASI,Belum ada data,
642,Kimia Klinik,Biosystem,BA 200,SN 832000268,,Laboratorium,Laboratorium,Baik,BELUM DIKALIBRASI,Belum ada data,
643,Mikro Pipet,,,,,Laboratorium,Laboratorium,Baik,BELUM DIKALIBRASI,Belum ada data,
644,Mikroskop,Olimpus,,SN N1700500H0280SE,,Laboratorium,Laboratorium,Baik,BELUM DIKALIBRASI,Belum ada data,
645,POCT,Glukosa,,,,Laboratorium,Laboratorium,Baik,BELUM DIKALIBRASI,Belum ada data,
646,POCT,I-STAT,,SN(21)420543,,Laboratorium,Laboratorium,Baik,BELUM DIKALIBRASI,Belum ada data,
647,Rotator,,,,,Laboratorium,Laboratorium,Baik,BELUM DIKALIBRASI,Belum ada data,
648,Water Bath,,,"SN 03,3217",,Laboratorium,Laboratorium,Baik,BELUM DIKALIBRASI,Belum ada data,
649,Treadmill,,,,,MCU,MCU,Baik,BELUM DIKALIBRASI,Belum ada data,
650,Anasthesi Ventilasi,,,,,OK,OK,Rusak Berat,BELUM DIKALIBRASI,Belum ada data,
651,Anasthesi Ventilator,GE Datex Ohmeda,s/s,ANBN0134,2010,OK,OK,Rusak Berat,BELUM DIKALIBRASI,Belum ada data,
652,Anasthesi Ventilator,Penlon,Prima 400,460/017-0009,2013,OK,OK,Baik,BELUM DIKALIBRASI,Belum ada data,
653,Anasthesi Ventilator,Dexion,,,2023,OK,OK,Baik,BELUM DIKALIBRASI,Belum ada data,
654,Anasthesi Ventilator,AMS 200,,,,OK,OK,Rusak Berat,BELUM DIKALIBRASI,Belum ada data,
655,Barkery Warming Center,,,,2011,OK,OK,Rusak Berat,BELUM DIKALIBRASI,Belum ada data,
656,DC-Shock,,,,,OK,OK,Baik,BELUM DIKALIBRASI,Belum ada data,
657,Electrosurgery Unit,KLS Marin Maxium,Maxium,ME402mo6031030M-1,,OK,OK,Baik,BELUM DIKALIBRASI,Belum ada data,
658,Electrosurgery Unit,KLS Marin Maxium,Maxium,ME402mo6031030M-2,,OK,OK,Baik,BELUM DIKALIBRASI,Belum ada data,
659,Lampu Operasi,Ignis 160,,,2023,OK,OK,Baik,BELUM DIKALIBRASI,Belum ada data,
660,Lampu Operasi,Octis 70,,,,OK,OK,Baik,BELUM DIKALIBRASI,Belum ada data,
661,Lampu Operasi,KLS Martin,,,,OK,OK,Baik,BELUM DIKALIBRASI,Belum ada data,
662,Lampu Operasi,Surgiris,,,,OK,OK,Rusak Berat,BELUM DIKALIBRASI,Belum ada data,Digudang
663,Lampu Operasi Portable,,,,2018,OK,OK,Baik,BELUM DIKALIBRASI,Belum ada data,
664,Laringoscope,Glide Scope,,,2010,OK,OK,Baik,BELUM DIKALIBRASI,Belum ada data,
665,Meja Instrument,,,,,OK,OK,Baik,BELUM DIKALIBRASI,Belum ada data,
666,Meja Instrument,,,,,OK,OK,Baik,BELUM DIKALIBRASI,Belum ada data,
667,Meja Instrument,,,,,OK,OK,Baik,BELUM DIKALIBRASI,Belum ada data,
668,Meja Mayo,,,,,OK,OK,Baik,BELUM DIKALIBRASI,Belum ada data,
669,Meja Mayo,,,,,OK,OK,Baik,BELUM DIKALIBRASI,Belum ada data,
670,Meja Mayo,,,,,OK,OK,Baik,BELUM DIKALIBRASI,Belum ada data,
671,Meja Operasi,AFA,AT-900,12188954,2022,OK,OK,Baik,BELUM DIKALIBRASI,Belum ada data,
672,Meja Operasi,Saturn,,,2011,OK,OK,Baik,BELUM DIKALIBRASI,Belum ada data,
673,Meja Operasi,Famed Zywelc,,,,OK,OK,Baik,BELUM DIKALIBRASI,Belum ada data,
674,Meja Operasi,MA,52501,,,OK,OK,Baik,BELUM DIKALIBRASI,Belum ada data,
675,Mesin Cuci Tangan Steril,,,,2008,OK,OK,Baik,BELUM DIKALIBRASI,Belum ada data,
676,Monitor,Innocore T12,,,2022,OK,OK,Baik,BELUM DIKALIBRASI,Belum ada data,
677,Monitor,Innocore T12,,,2022,OK,OK,Baik,BELUM DIKALIBRASI,Belum ada data,
678,Operation Microscope,Shin-nippon,OP-2,01.10.2415,,OK,OK,Baik,BELUM DIKALIBRASI,Belum ada data,
679,Standart Infus,,,,,OK,OK,Baik,BELUM DIKALIBRASI,Belum ada data,
680,Standart Infus,,,,,OK,OK,Baik,BELUM DIKALIBRASI,Belum ada data,
681,Standart Infus,,,,,OK,OK,Baik,BELUM DIKALIBRASI,Belum ada data,
682,Standart Infus,,,,,OK,OK,Baik,BELUM DIKALIBRASI,Belum ada data,
683,Standart Infus,,,,,OK,OK,Baik,BELUM DIKALIBRASI,Belum ada data,
684,Standart Infus,,,,,OK,OK,Baik,BELUM DIKALIBRASI,Belum ada data,
685,Strecher,,,,2008,OK,OK,Baik,BELUM DIKALIBRASI,Belum ada data,
686,Suction,AFA,AC-500,90/235-1,,OK,OK,Baik,BELUM DIKALIBRASI,Belum ada data,
687,Suction,AFA,AC-500,90/235-2,,OK,OK,Baik,BELUM DIKALIBRASI,Belum ada data,
688,Suction,,,,,OK,OK,Baik,BELUM DIKALIBRASI,Belum ada data,
689,Suction,,,,,OK,OK,Baik,BELUM DIKALIBRASI,Belum ada data,
690,Tensi Bediri,Regal,,,,OK,OK,Baik,BELUM DIKALIBRASI,Belum ada data,
691,Tensi Berdiri,Gudescope,,,2010,OK,OK,Baik,BELUM DIKALIBRASI,Belum ada data,
692,Tourniquet pressure,,,,,OK,OK,Baik,BELUM DIKALIBRASI,Belum ada data,
693,X-Ray Viewer,Tesena,TSN 014D,463/1/11 T 014 D-1,,OK,OK,Baik,BELUM DIKALIBRASI,Belum ada data,
694,X-Ray Viewer,Tesena,TSN 014D,463/1/11 T 014 D-2,,OK,OK,Baik,BELUM DIKALIBRASI,Belum ada data,
695,X-RAY Viewer,KA Rixa,,,,OK,IPSRS,Baik,BELUM DIKALIBRASI,Belum ada data,
696,X-RAY Viewer,KA Rixa,,,,OK,IPSRS,Baik,BELUM DIKALIBRASI,Belum ada data,
697,Stetoscope,,,,,Poli Anak,Poli Anak,Baik,BELUM DIKALIBRASI,Belum ada data,
698,Timbangan Bayi,,,,,Poli Anak,Poli Anak,Baik,BELUM DIKALIBRASI,Belum ada data,
699,Timbangan Anak,,,,,Poli Anak,Poli Anak,Baik,BELUM DIKALIBRASI,Belum ada data,
700,Timbangan Anak,,,,,Poli Anak,Poli Anak,Baik,BELUM DIKALIBRASI,Belum ada data,
701,Tensi Dewasa,,,,,Poli Anak,Poli Anak,Baik,BELUM DIKALIBRASI,Belum ada data,
702,Oxy Metry,,,,,Poli Anak,Poli Anak,Baik,BELUM DIKALIBRASI,Belum ada data,
703,Tensi Anak,,,,,Poli Anak,Poli Anak,Baik,BELUM DIKALIBRASI,Belum ada data,
704,Examination Lamp,Famed,Diagnostoc Lamp Solis 30F,20220344,2023,Poli Bedah,Poli Bedah,Baik,BELUM DIKALIBRASI,Belum ada data,
705,Suction,SANI,,,,Poli Bedah,Poli Bedah,Baik,BELUM DIKALIBRASI,Belum ada data,
706,Tensi Meter Digital,Omron,Omron Health  Care,07006320LF,,Poli Bedah,Poli Bedah,Baik,BELUM DIKALIBRASI,Belum ada data,
707,Dental Unit,Clesta,Belmont,AV12J0479,,Poli Gigi,Poli Gigi,Baik,BELUM DIKALIBRASI,Belum ada data,
708,Sterilisator,Corona,ZTP80A,,2025,Poli Gigi,Poli Gigi,Baik,BELUM DIKALIBRASI,Belum ada data,
709,Tensi Meter,Omron,Omron health Care,07006401LH,,Poli Gigi,Poli Gigi,Rusak Berat,BELUM DIKALIBRASI,Belum ada data,
710,EKG,Innomed,HS 112C-1,20239321,,Poli Jantung,Poli Jantung,Baik,BELUM DIKALIBRASI,Belum ada data,
711,Saturasi,OneMed,IPX2,,,Poli Jantung,Poli Jantung,Baik,BELUM DIKALIBRASI,Belum ada data,
712,Tensi Meter Digital,Omron,Omron Health Care,07006320LF,,Poli Jantung,Poli Jantung,Baik,BELUM DIKALIBRASI,Belum ada data,
713,Bed Elektrik,Famed,,,,Poli Kebidanan,Poli Kebidanan,Baik,BELUM DIKALIBRASI,Belum ada data,
714,Bedgin,,,,,Poli Kebidanan,Poli Kebidanan,Baik,BELUM DIKALIBRASI,Belum ada data,
715,CTG,Edan,Edan/F9 Express,314026-M12802560007,,Poli Kebidanan,Poli Kebidanan,Baik,BELUM DIKALIBRASI,Belum ada data,
716,Tensi Meter,Omron,Omron health Care,070064061LH,,Poli Kebidanan,Poli Kebidanan,Baik,BELUM DIKALIBRASI,Belum ada data,
717,USG,Mindray,Mindray,QE2400064,,Poli Kebidanan,Poli Kebidanan,Baik,BELUM DIKALIBRASI,Belum ada data,
718,Autorefkeratometer,Shin-nippon,Accuref.k 9001,33HA6419,,Poli Mata,Poli Mata,Baik,BELUM DIKALIBRASI,Belum ada data,
719,Chart Projector,Shin-nippon,CP-30,,,Poli Mata,Poli Mata,Baik,BELUM DIKALIBRASI,Belum ada data,
720,Slit Lamp,Shin-nippon,SL-102,,,Poli Mata,Poli Mata,Baik,BELUM DIKALIBRASI,Belum ada data,
721,Tonometer,Shin-nippon,NCT.10,22460917,,Poli Mata,Poli Mata,Baik,BELUM DIKALIBRASI,Belum ada data,
722,Film Viewer,Tesena,,,,Poli Penyakit Dalam,Poli Penyakit Dalam,Baik,BELUM DIKALIBRASI,Belum ada data,
723,Film Viewer,Tesena,,,,Poli Penyakit Dalam,Poli Penyakit Dalam,Baik,BELUM DIKALIBRASI,Belum ada data,
724,Printer USG,Sony,UPP 110,,,Poli Penyakit Dalam,Poli Penyakit Dalam,Baik,BELUM DIKALIBRASI,Belum ada data,
725,USG,Patsamed,560476,PMXL 823811720001,,Poli Penyakit Dalam,Poli Penyakit Dalam,Baik,BELUM DIKALIBRASI,Belum ada data,
726,Alat CT-Scan,Siemens Somatom Perspective,M-CT-172,644501871,2019,Radiologi,Radiologi,Rusak Berat,BELUM DIKALIBRASI,Belum ada data,
727,Autometic Processing,Carestream Medical Xray,Prossesor 2000,11961-17107-0848,2018,Radiologi,Radiologi,Rusak Berat,BELUM DIKALIBRASI,Belum ada data,
728,Mobile Xray,Siemens Polymobil Plus,,,,Radiologi,Radiologi,Baik,BELUM DIKALIBRASI,Belum ada data,
729,Panoramic,Carestream CS 8100SC (Toshiba),CS 8100SC,31487,2019,Radiologi,Radiologi,Baik,BELUM DIKALIBRASI,Belum ada data,
730,Portable Xray,,,,,Radiologi,Radiologi,Baik,BELUM DIKALIBRASI,Belum ada data,
731,Printer Puji,,,,,Radiologi,Radiologi,Baik,BELUM DIKALIBRASI,Belum ada data,
732,Printer Puji,,,,,Radiologi,Radiologi,Rusak Berat,BELUM DIKALIBRASI,Belum ada data,
733,USG,GE,Logiq E,120516 WXO,2009,Radiologi,Radiologi,Baik,BELUM DIKALIBRASI,Belum ada data,
734,USG,PATSAMED,PM-XL8,PMXL823811720002,-,Radiologi,Radiologi,Baik,BELUM DIKALIBRASI,Belum ada data,
735,X-ray Konvensional,WON,WSR 40 Plus,WIV 23 CO 3001,2023,Radiologi,Radiologi,Baik,BELUM DIKALIBRASI,Belum ada data,
736,Meadent-Pakistan,,,,2022,THT,THT,Baik,BELUM DIKALIBRASI,Belum ada data,
737,Medical Head Lamp,Bistos,BT-410,SN ECN40608,,THT,THT,Baik,BELUM DIKALIBRASI,Belum ada data,
738,Tensi Meter Digital,Omron,HBT-9030,07006313LF,2023,THT,THT,Baik,BELUM DIKALIBRASI,Belum ada data,
739,THT,Stardy,,802,,THT,THT,Baik,BELUM DIKALIBRASI,Belum ada data,
740,BLOOD BAG TUBE SEALER,DOCON SEALM,-,-,2023,UTD,UTD,Baik,BELUM DIKALIBRASI,Belum ada data,
741,BLOOD BANK,KIRSCH,BL-300,280 09 20031,-,UTD,UTD,Baik,BELUM DIKALIBRASI,Belum ada data,
742,BLOOD BANK,SANYO,MBR-107 D(H),60814446,-,UTD,UTD,Baik,BELUM DIKALIBRASI,Belum ada data,
743,CENTRIFUGE,HETTICH,EBA20,0127406-7,-,UTD,UTD,Baik,BELUM DIKALIBRASI,Belum ada data,
744,ELEKTRIK BALANCE,COMPOGUARD,-,-,-,UTD,UTD,Rusak Berat,BELUM DIKALIBRASI,Belum ada data,TIDAK BISA DIGUNAKAN
745,INKUBATOR,MEMMERT,UNB400,C413.0630,-,UTD,UTD,Rusak Berat,BELUM DIKALIBRASI,Belum ada data,TIDAK BISA DIGUNAKAN
746,KULKAS REAGEN DAN FREEZER,DOMESTIK,MD360CS,2470074,-,UTD,UTD,Baik,BELUM DIKALIBRASI,Belum ada data,
747,KURSI DONOR DARAH,,,,2016,UTD,UTD,Baik,BELUM DIKALIBRASI,Belum ada data,
748,KURSI DONOR DARAH,,,,2016,UTD,UTD,Baik,BELUM DIKALIBRASI,Belum ada data,
749,MICROSCOPE,REX VISION,Y100,220,-,UTD,UTD,Baik,BELUM DIKALIBRASI,Belum ada data,
750,MIKROPIPET,THERMO,-,-,-,UTD,UTD,Baik,BELUM DIKALIBRASI,Belum ada data,
751,MIKROPIPET,THERMO,-,-,-,UTD,UTD,Baik,BELUM DIKALIBRASI,Belum ada data,
752,MIKROPIPET,THERMO,-,-,-,UTD,UTD,Baik,BELUM DIKALIBRASI,Belum ada data,
753,MIKROPIPET,THERMO,-,-,-,UTD,UTD,Baik,BELUM DIKALIBRASI,Belum ada data,
754,PLASMA EXTRACTOR,FRESENIUS KABI,-,-,-,UTD,UTD,Baik,BELUM DIKALIBRASI,Belum ada data,
755,PLASMA EXTRACTOR,BAXTER,T,-,-,UTD,UTD,Baik,BELUM DIKALIBRASI,Belum ada data,
756,PLATELET AGITATOR,FRESENIUS GABI,-,-,-,UTD,UTD,Baik,BELUM DIKALIBRASI,Belum ada data,
757,TEMPERATURE SUHU,ONE HEALTH MEDICAL,CLOCK/HUMIDITY HTC-2,,2023,UTD,UTD,Baik,BELUM DIKALIBRASI,Belum ada data,
758,TEMPERATURE SUHU,ONE HEALTH MEDICAL,CLOCK/HUMIDITY HTC-2,,2023,UTD,UTD,Baik,BELUM DIKALIBRASI,Belum ada data,
759,TENSI DIGITAL,OMRON,-,-,2023,UTD,UTD,Baik,BELUM DIKALIBRASI,Belum ada data,
760,TENSI DIGITAL,OMRON,-,-,2023,UTD,UTD,Baik,BELUM DIKALIBRASI,Belum ada data,
761,TENSI JARUM,ONEMED,-,-,-,UTD,UTD,Baik,BELUM DIKALIBRASI,Belum ada data,
762,TENSI JARUM,ONEMED,-,-,-,UTD,UTD,Baik,BELUM DIKALIBRASI,Belum ada data,
763,TENSI JARUM,ONEMED,-,-,-,UTD,UTD,Baik,BELUM DIKALIBRASI,Belum ada data,
764,TENSI JARUM,ONEMED,-,-,-,UTD,UTD,Baik,BELUM DIKALIBRASI,Belum ada data,
765,TIMBANGAN BADAN DIGITAL,KRIS,-,-,2018,UTD,UTD,Baik,BELUM DIKALIBRASI,Belum ada data,
766,TIMBANGAN BADAN DIGITAL,KRIS,-,-,2018,UTD,UTD,Baik,BELUM DIKALIBRASI,Belum ada data,
767,TIMBANGAN BADAN DIGITAL,KRIS,,,2018,UTD,UTD,Baik,BELUM DIKALIBRASI,Belum ada data,
768,TIMBANGAN BADAN DIGITAL,KRIS,,,2018,UTD,UTD,Baik,BELUM DIKALIBRASI,Belum ada data,
769,TIMBANGAN BADAN MANUAL,LAICA,-,-,2016,UTD,UTD,Baik,BELUM DIKALIBRASI,Belum ada data,
770,WATERBATH,NUVE,NB20,22286,-,UTD,UTD,Baik,BELUM DIKALIBRASI,Belum ada data,
771,Bed Manual,Paramount,PA59815-0608L,,,VK,VK,Baik,BELUM DIKALIBRASI,Belum ada data,
772,Bed Manual,Paramount,PA59815-0608L,,,VK,VK,Baik,BELUM DIKALIBRASI,Belum ada data,
773,Bed Manual,Paramount,PA59815-0608L,,,VK,VK,Baik,BELUM DIKALIBRASI,Belum ada data,
774,Bed Manual,Paramount,PA59815-0608L,,,VK,VK,Baik,BELUM DIKALIBRASI,Belum ada data,
775,Bed Manual,Paramount,PA59815-0608L,,,VK,VK,Baik,BELUM DIKALIBRASI,Belum ada data,
776,Bed Manual,Paramount,PA59815-0608L,,,VK,VK,Baik,BELUM DIKALIBRASI,Belum ada data,
777,Bed Manual,Paramount,PA59815-0608L,,,VK,VK,Baik,BELUM DIKALIBRASI,Belum ada data,
778,Bed Manual,Paramount,PA59815-0608L,,,VK,VK,Baik,BELUM DIKALIBRASI,Belum ada data,
779,Bed Manual,Paramount,PA59815-0608L,,,VK,VK,Baik,BELUM DIKALIBRASI,Belum ada data,
780,Bedgyn Digital,MAK,Digital Gynecologi Bed,,2018,VK,VK,Baik,BELUM DIKALIBRASI,Belum ada data,
781,Bedgyn Digital,Nuritek Indonesia,"Linak HBW 0 73-006, Hospital Bed Multipose",23150103703001,2023,VK,VK,Baik,BELUM DIKALIBRASI,Belum ada data,
782,Bedgyn manual,,,,,VK,VK,Baik,BELUM DIKALIBRASI,Belum ada data,
783,Bedgyn manual,,,,,VK,VK,Baik,BELUM DIKALIBRASI,Belum ada data,
784,CTG,,,,,VK,VK,Baik,BELUM DIKALIBRASI,Belum ada data,
785,Curatage set,,,,,VK,VK,Baik,BELUM DIKALIBRASI,Belum ada data,
786,Curatage set,,,,,VK,VK,Baik,BELUM DIKALIBRASI,Belum ada data,
787,Digital Paramount,Paramount Bed,,,,VK,VK,Baik,BELUM DIKALIBRASI,Belum ada data,
788,Digital Paramount,Paramount Bed,,,,VK,VK,Baik,BELUM DIKALIBRASI,Belum ada data,
789,Dopler,MED Gyn,3.0 Mhz Waterproof IPX8,H17A004702587,,VK,VK,Rusak Ringan,BELUM DIKALIBRASI,Belum ada data,Kabel dople banyak rusak
790,Dopler,Terravizion by IMN,,ASo 0001230004,,VK,IPSRS,Baik,BELUM DIKALIBRASI,Belum ada data,
791,Dopler,INCREAMED,,IN.2412205002,,VK,VK,Baik,BELUM DIKALIBRASI,Belum ada data,
792,EKG,INNOMED Heartscreen,HS112C-1,22239247,2023,VK,VK,Baik,BELUM DIKALIBRASI,Belum ada data,
793,Forcep,,,,,VK,VK,Baik,BELUM DIKALIBRASI,Belum ada data,
794,GV Set,,,,,VK,VK,Baik,BELUM DIKALIBRASI,Belum ada data,
795,Infus Pump,B Braun Infusmat Scape,8713070,,2013,VK,VK,Rusak Berat,BELUM DIKALIBRASI,Belum ada data,Error
796,Infuse pump,Precisionmed,,11.32.00.07.03.2023.05.19,,VK,VK,Baik,BELUM DIKALIBRASI,Belum ada data,
797,Intubasi set,Greatcare,Silicone manual rersuscitator,,2023,VK,VK,Baik,BELUM DIKALIBRASI,Belum ada data,
798,Intubasi set,Greatcare,Silicone manual rersuscitator,,2023,VK,VK,Baik,BELUM DIKALIBRASI,Belum ada data,
799,Intubasi Set,Blue Cross Silicone Resustators,,,2018,VK,VK,Baik,BELUM DIKALIBRASI,Belum ada data,
800,Intubasi Set,Blue Cross Silicone Resustators,,,2018,VK,VK,Baik,BELUM DIKALIBRASI,Belum ada data,
801,Lampu Rontgen,KA Rixa,,,,VK,VK,Rusak Berat,BELUM DIKALIBRASI,Belum ada data,Lampu Mati
802,Lampu Sorot,Famed,BH-132,20050385,,VK,VK,Baik,BELUM DIKALIBRASI,Belum ada data,
803,Lampu sorot,Dyna Lighting DNA 100 LED,,,,VK,VK,Baik,BELUM DIKALIBRASI,Belum ada data,
804,Monitor Lengkap,Medical Equitment and laboratory supplier,Dexion Patient Monitor Storm 5900,50922055192,2023,VK,VK,Rusak Ringan,BELUM DIKALIBRASI,Belum ada data,Tidak lengkap kabel TD
805,Partus Set,,,,,VK,VK,Baik,BELUM DIKALIBRASI,Belum ada data,
806,Partus Set,,,,,VK,VK,Baik,BELUM DIKALIBRASI,Belum ada data,
807,Partus Set,,,,,VK,VK,Baik,BELUM DIKALIBRASI,Belum ada data,
808,Saturasi Digital,Bionet,OXY 9 wave pulse oxymeter,ii.32.00.07.03.2025.05.19,2023,VK,VK,Baik,BELUM DIKALIBRASI,Belum ada data,
809,Sterilitator Kering,Fortune Light Wave Medical Sterilizer,,ZTP78E,2016,VK,VK,Rusak Berat,BELUM DIKALIBRASI,Belum ada data,Tidak dapat digunakan
810,Stetoskop,Smartcare original,,,,VK,VK,Rusak Berat,BELUM DIKALIBRASI,Belum ada data,
811,Stetoskop,Merk tidak terbaca,,,,VK,VK,Rusak Berat,BELUM DIKALIBRASI,Belum ada data,
812,Suction Unit,saNi Electric Suction Units,703A,,2023,VK,VK,Baik,BELUM DIKALIBRASI,Belum ada data,
813,Suction Unit,saNi Electric Suction Units,703A,,2023,VK,VK,Baik,BELUM DIKALIBRASI,Belum ada data,
814,Syringe pump,precisionmed,,11.32.00.07.03.2023.05.19,,VK,VK,Baik,BELUM DIKALIBRASI,Belum ada data,
815,Tensi meter,ABN Regal Clock Aneroid,,,2020,VK,VK,Baik,BELUM DIKALIBRASI,Belum ada data,
816,Tensi meter,ABN Regal Clock Aneroid,,,2020,VK,VK,Baik,BELUM DIKALIBRASI,Belum ada data,
817,Termometer Digital,Onehealth,,,,VK,VK,Baik,BELUM DIKALIBRASI,Belum ada data,
818,Terumol Besar,,,,,VK,VK,Baik,BELUM DIKALIBRASI,Belum ada data,
819,Terumol Besar,,,,,VK,VK,Baik,BELUM DIKALIBRASI,Belum ada data,
820,Terumol Kecil,,,,,VK,VK,Baik,BELUM DIKALIBRASI,Belum ada data,
821,Tiang infus,MAK,,,2018,VK,VK,Baik,BELUM DIKALIBRASI,Belum ada data,
822,Tiang infus,MAK,,,2018,VK,VK,Baik,BELUM DIKALIBRASI,Belum ada data,
823,Tiang infus,MAK,,,2018,VK,VK,Baik,BELUM DIKALIBRASI,Belum ada data,
824,Tiang infus,MAK,,,2018,VK,VK,Baik,BELUM DIKALIBRASI,Belum ada data,
825,Tiang infus,MAK,,,2018,VK,VK,Baik,BELUM DIKALIBRASI,Belum ada data,
826,Tiang infus,MAK,,,2018,VK,VK,Baik,BELUM DIKALIBRASI,Belum ada data,
827,Tiang infus,MAK,,,2018,VK,VK,Baik,BELUM DIKALIBRASI,Belum ada data,
828,Tiang infus,MAK,,,2018,VK,VK,Baik,BELUM DIKALIBRASI,Belum ada data,
829,Tiang infus,MAK,,,2018,VK,VK,Baik,BELUM DIKALIBRASI,Belum ada data,
830,Tiang infus,MAK,,,2018,VK,VK,Baik,BELUM DIKALIBRASI,Belum ada data,
831,Timbangan Bayi digital,,,,,VK,VK,Baik,BELUM DIKALIBRASI,Belum ada data,
832,Troli com,MAK,36302,,,VK,VK,Baik,BELUM DIKALIBRASI,Belum ada data,
833,Troli Dorong,KA Rixa,KA016-00BSS,,,VK,VK,Baik,BELUM DIKALIBRASI,Belum ada data,
834,Troly Dorong Pakai Laci,MAK,35102,2530807,2008,VK,VK,Baik,BELUM DIKALIBRASI,Belum ada data,
835,Troly Emergency,MAK,36603,130900005,2013,VK,VK,Baik,BELUM DIKALIBRASI,Belum ada data,
836,Vacum Plastik,,,,,VK,VK,Baik,BELUM DIKALIBRASI,Belum ada data,
